sofifa_id,short_name
121939,P. Lahm
45197,Xabi Alonso
20800,Danny
143001,C. Tévez
163711,L. Diarra
165580,Diego Alves
106573,Victor Valdés
163419,B. Sagna
4098,Tiago
13743,S. Gerrard
31432,D. Drogba
115909,Rubén Castro
156142,R. Eremenko
177635,B. Trémoulinas
180175,Alexandre Pato
330,R. Keane
1238,F. Totti
164376,G. Pellè
180432,Hernanes
180716,Rhodolfo
182212,A. Modeste
184252,L. Pratto
3622,Ricardo Carvalho
25420,C. Pizarro
53405,Maxwell
105454,Z. Tošić
119152,K. Touré
134979,M. Demichelis
135475,Felipe Melo
138703,A. D'Alessandro
141200,E. Spahić
162409,G. Rossi
171018,Mario Suárez
177392,D. Mbokani
177573,Weligton
187763,Elias
193198,N. Gudelj
222709,Petros
185195,O. Ighalo
4667,M. De Sanctis
5471,F. Lampard
7631,A. Cassano
105318,J. Valdés
111093,Reyes
138123,E. Cambiasso
142775,A. Orión
164477,J. Mikel
170783,C. Tioté
172124,M. Sow
188325,C. Diabaté
215353,L. Alario
190752,J. Kirchhoff
199935,Rômulo
215054,V. Cuesta
190150,Álvaro Domínguez
213374,Aderllan Santos
214327,V. Hernández
50327,S. Pienaar
103936,S. Pepe
134895,R. Hilbert
143068,M. Delgado
156433,A. Talavera
156722,M. Flamini
181573,O. Akhmedov
182859,W. Gargano
188687,Douglão
192615,M. Baša
200643,M. Dević
230201,Maikel Catarino
215421,Deyverson
212469,A. Ghazal
194963,André
186954,B. Ideye
196884,Y. Del Valle
205524,Rúben Ferreira
207929,Pedro Henrique
213926,A. Kanibolotskyi
15723,D. Kuyt
107651,H. Altıntop
110376,Jonatan Soriano
113045,M. Pinilla
138193,J. Barton
146377,Cejudo
146741,Arbeloa
148403,Luíz Carlos
150189,T. Gekas
155408,M. Schäfer
156092,J. Villar
158127,M. Obbadi
158956,J. Barroso
161999,A. Konko
165554,Doka
167993,V. Stojković
170719,D. Buonanotte
170771,Miku
171318,Diego Capel
179544,Y. Mulumbu
179752,O. Cardozo
180840,F. Rajtoral
188403,O. Manyisa
189488,Bamba Anderson
190582,L. Kweuke
193783,P. Fontanello
193985,Roger
198874,Adriano
199418,E. Bauthéac
200645,A. Fedetskyi
230225,Juiano Mestres
226591,H. Preciado
203279,Wellington Nem
210111,José Rodríguez
211559,Tiago Rodrigues
216145,A. Izzo
203796,F. Gutiérrez
208895,Cléber
184815,S. Athanasiadis
204032,Edenílson
216813,Bruno Henrique
2651,S. Given
5879,A. Gilardino
10863,E. Maresca
13879,R. Lambert
41634,L. Mathis
41674,S. Armand
42521,A. Ivanschitz
49116,A. Boka
101336,C. Fritz
106213,Iraola
109416,A. Kerzhakov
110381,M. Rodríguez
120238,F. Lodi
135043,A. Lindegaard
137378,A. Gazzi
140257,A. Palacios
147131,V. Kaleshin
147305,Juan Rodriguez
150035,V. Moras
161636,N. Ortigoza
162223,A. Baumjohann
163925,A. Diamanti
164234,Caio
165234,N. Maurice-Belay
167194,J. Kankava
172098,A. Pereira
176605,P. Armero
176627,A. Ben-Hatira
176652,D. Kolář
176693,J. Babin
177398,I. Iličević
182001,Titi
182166,J. Palmieri
191856,H. Barcos
198653,M. Silva
214409,E. Videla
217844,Djavan
223691,M. Corujo
219862,M. Borja
213013,F. Acheampong
202101,O. John
205343,J. Akpa Akpro
223136,Y. Erdoğan
156623,I. Sissoko
216472,A. Pantic
230375,Josué Chiamulera
199809,T. Sušić
223829,Anderson Correia
188145,A. El Kaoutari
200450,Diogo Amado
209749,Lucas Silva
215053,M. Zaldivia
181281,T. Necid
186119,M. Stoch
197238,I. Baldé
211489,J. Gómez
8517,S. Parker
20799,Custódio
29183,G. Tremmel
45674,M. Essien
49036,S. Maloney
49617,C. Zaccardo
50908,N. Seube
52941,R. Bianchi
102356,M. Feulner
107713,T. Starke
110020,Pelegrín
110026,Cani
111206,S. Riether
112230,F. Béria
116914,C. Itandje
135466,Artur Moraes
137080,S. Huszti
140256,D. Verón
140274,D. Díaz
143764,B. İrtegün
147455,M. Izmaylov
155972,Ansotegi
157947,Zé Castro
159413,Muriqui
162514,Artur
163423,A. Diaby
165434,D. Digard
167962,Marcelo Oliveira
169527,V. Anichebe
170770,José Enrique
171805,Peçanha
172949,S. Bassong
173300,S. Leto
177491,Eduardo da Silva
178237,A. Demir
178571,Bracali
178691,J. Fucile
181395,Adilson
182736,Ricardo
183211,M. Škoda
186723,Y. Boli
188826,G. Lebese
189530,Sílvio
191059,Javi Márquez
194858,R. Gershon
199108,M. Arroyo
202142,Nacho Cases
203671,J. Gomez
203822,A. Meha
206152,L. Aued
206154,H. Canteros
208714,D. Grigore
209744,E. Mena
214987,G. Voboril
215118,F. Manríquez
232066,W. González
228934,H. Akyüz
236236,O. Atzili
202605,A. Milošević
203632,A. Patosi
212351,P. Franco
225346,Gedoz
188816,G. Fofana
190501,N. Krstičić
200735,Isaac Cuenca
214294,E. Pavez
223099,D. Churín
223152,S. Vilakazi
193426,M. Beister
202550,Anderson Carvalho
203688,Irureta
208277,O. Boumal
164,G. Pinzi
6895,A. Manninger
19104,C. Hill
20556,Alan
25798,R. Santa Cruz
26709,R. Márquez
53030,A. Diarra
108061,R. Ziegler
110341,Lopo
120304,J. Makoun
123610,G. Mesto
138334,M. El Hamdaoui
138532,R. Brouwers
141100,V. Shevchuk
142444,P. Webó
142782,S. Saja
145583,Juli
148138,I. Olić
153185,H. Pellerano
153934,Piti
158144,Salva Sevilla
158849,L. Szukała
159581,Oriol Riera
159583,Lanzarote
164041,Nauzet
164876,Michu
165065,S. Cissé
168297,G. Curci
168584,H. Maduro
169941,Ukra
171993,David Fuster
176586,J. Albín
176927,Welliton
177105,P. Ebert
182887,J. Saihi
183283,J. Taravel
183410,S. Langil
183723,Chico
186553,M. Rodríguez
188824,E. Imorou
189889,E. Luna
193293,J. Rodríguez
201537,Raúl Rodríguez
212506,M. Matos
214326,C. Vilches
216104,Roberto
223071,F. Pellegrino
223285,M. Larbi
232510,T. Shiotani
233694,J. Rada
206218,P. Nardi
205641,L. Nangis
216461,Óscar Gil
204675,G. Zahid
219797,R. Martínez
214302,C. Baeza
214413,S. Martínez
224147,G. Pereira
214429,L. Valencia
214717,L. Reyes
214807,F. Schultz
219751,Alex Soares
230885,Bruno Henrique
186824,M. Rabiu
190105,A. Gadzhibekov
194519,Fuentes
206129,A. Măţel
169934,Hugo Ventura
186852,I. Emeghara
188058,A. Kravets
192285,J. Chibuike
192767,T. Doumbia
194190,M. Mahlangu
197169,D. Lazarević
203803,C. Muñoz
216034,R. González
47903,R. Schäfer
52829,A. Palombo
53967,A. Madlung
100806,K. Commons
110283,Duda
116024,C. Bermúdez
122070,E. Süme
123586,M. Agazzi
135594,T. Sørensen
137440,G. Migliaccio
137734,F. Benussi
138089,J. Jørgensen
139799,S. Silva
143102,D. Colotto
146510,Corona
146577,I. Alonso
147627,D. Torbinskiy
148569,M. Wasilewski
152894,C. Goodson
158784,J. Carranza
158790,L. Bustamante
160723,V. Kobin
161703,E. Culio
165243,C. Cambon
167385,Marquinhos Paraná
172844,V. Obinna
173212,P. De Ceglie
173245,R. Fernández
176901,H. Droguett
178421,C. Cortés
179947,Edgar
181228,Anderson Luís
181734,Rincón
183224,L. Aguiar
183452,Kayke
183712,S. Mölders
183730,Natxo Insa
186260,L. Köteles
186402,S. Candia
186634,N. Peric
187572,Thiago Carleto
187591,P. Garcés
188197,L. Viatri
188489,Ramon Motta
188669,Xumetra
189054,Sandaza
189529,D. Angan
190277,E. Enoh
192707,Jordi Figueras
192788,Joan Oriol
196874,A. Guerra
202056,J. Ayoví
203296,Cortez
204060,T. Chery
207698,M. Vellidis
214406,A. Acevedo
216048,G. Vargas
216666,A. González
221694,Minhoca
222248,Sun Ke
223022,E. Kokalović
219127,P. Galdames
230598,J. Carreño
212129,Borja López
225903,Bruno Paulista
211103,L. Madinda
214446,F. Campos
214874,M. Bolados
225123,D. Ndi
214048,Douglas Coutinho
202678,J. Risdon
230027,Leandro Silva
192989,F. Përdedaj
214411,N. Maturana
229294,A. Zhirov
200112,L. Ebecilio
204627,K. Otigba
212509,C. Ascues
215272,L. Pittinari
228805,Raillo
232129,Felipe Augusto
234916,S. Owusu
190076,R. Gucher
190747,Ortuño
206120,A. Lagos
207860,A. Maund
215328,G. Gil Romero
223685,O. Rivero
236345,A. Totovytskyi
188071,T. Oar
214153,J. Pérez
223054,C. Penilla
223489,A. Pešić
194108,A. Bačinovič
200157,J. Naessens
205565,D. Bulthuis
214610,W. Guisao
229201,A. Camargo
230082,S. Al Hashan
189452,B. Memiş
189585,Tengarrinha
190355,Palmeira
204381,J. Kosecki
208030,B. Fofana
3078,Nélson
18919,S. Malbranque
107391,C. Maury
124871,X. Margairaz
136590,Lee Jung Soo
136839,R. Zomer
138065,F. Signorino
139974,H. Ghaly
141198,B. Georgiev
143022,G. Lorenzetti
145269,Pedro Ríos
145620,Dealbert
146713,D. Mateo
147614,R. Pavlyuchenko
147700,I. Lebedenko
149449,D. Corvia
150530,E. Kılıçaslan
152718,R. Vaz Tê
155827,A. Saborío
156477,A. Vanden Borre
157060,M. González
158485,João Carlos
158933,P. Andersson
159157,B. Leal
165429,C. Keşerü
168290,S. Le Toux
168961,M. Sougou
168990,O. Hoban
170919,Jordi Gómez
174547,J. Rojas
176211,M. Robak
176489,Paulo Monteiro
177137,Nuno Coelho
177151,I. Aissati
177733,P. Hansson
177957,S. Guberti
178036,A. Traoré
178136,Y. Buyens
178177,H. Habibou
178684,Nuno André Coelho
181417,Maurício Ramos
181557,K. Aït-Fana
183429,M. Bolatti
183605,J. Ayité
183896,D. Escudero
185173,V. Koman
185214,Marc Crosas
186504,A. Putsila
186538,D. Veškovac
186550,F. Monzón
186977,O. Merlo
187048,A. Traoré
187755,Pedro Ken
188269,R. Gutiérrez
188390,G. Galitsios
188625,J. Ekstrand
188756,K. Tshimanga
188975,M. Pappa
189502,Maikon Leite
189587,Paulo Tavares
190959,A. Kulušić
192249,Marcinho
192596,Héctor Rodas
195395,I. Ivanov
199043,L. Marín
199529,G. Ebagua
200644,D. Oliynyk
202102,Yu Hai
205702,Marquinhos
206130,V. Gadzhev
206271,E. Šetkus
206432,A. Shynder
207409,I. Kelava
207448,J. Paredes
213430,R. Rusescu
213846,C. Suárez
214067,E. Cantero
214258,M. Riquero
214590,J. Fuentes
214696,D. Currimilla
214724,D. Llanos
214916,F. Cordero
214958,J. Luna
215059,M. Rolle
217617,P. Gueye
221463,E. Hernández
224057,A. Farías
226266,J. Vargas
223212,O. Çağlayan
208675,T. Watt
214404,V. Huerta
219090,R. Osorio
210136,T. Kędziora
229497,Roniel
214441,A. Contreras
218208,C. Fuentes
235589,S. Babic
203733,José Ángel
232159,G. Sanabria
199666,E. Cirigliano
201380,J. Tallo
207994,A. Bosetti
214459,C. Valenzuela
215351,G. Graciani
227725,Hugo Basto
232364,D. Chatziisaias
201315,Pablo
202802,K. Ebecilio
205077,Ricardo Dias
209660,S. Magnasco
211567,Gilberto
212817,Lee Jeong Hyup
214553,E. Moreno
215823,D. Župarić
222224,P. Anton
223309,U. Kurt
234970,D. Terans
166963,G. Değirmenci
200375,T. van de Pavert
204098,A. Achahbar
204805,B. Mhlongo
224134,A. Márquez
224812,S. Bolbat
230428,Nazarinho Rios
206604,C. Labrín
214217,B. Vidal
215404,Bruno Pires
219565,Jaílson
228924,G. Sirino
230449,Diegildo Ramos
236145,Luan Sendeiro
194198,J. Delle
209396,Bruninho
214986,F. Meza
232662,G. Papa
116510,C. Valencia
170163,L. McGugan
173038,M. N'Diaye
186536,B. Shea
192225,S. Inkoom
193495,André Santos
197717,T. Tchani
202708,L. Palun
210137,J. Palomino
211002,Hwang Seok Ho
214418,S. Ubilla
221376,A. Puljić
223473,Filipe Melo
224137,M. Riquelme
4832,M. Marchionni
13914,P. Robinson
14510,Meyong
53353,R. Johnson
53519,Vilas Boas
100803,K. Henry
110657,Dani Güiza
118054,T. Broich
121193,N. Valdez
134627,Melli
136187,Julio Baptista
137204,W. Bressan
138052,N. Borchers
138892,M. Contini
139076,Kwak Hee Ju
139882,F. Baloy
140161,A. Galindo
142313,R. Lemaître
142595,N. Benítez
142603,D. Ludueña
142829,L. Somoza
142998,C. Muñoz
143135,L. Lobos
146527,Esteban
146744,Codina
148745,K. Wæhler
150249,M. Sifakis
152926,V. Gragnic
156094,F. Vilar
156120,L. Rey
157098,Richy
159354,E. Hoffer
159499,M. Zambelli
164361,Cícero
167560,I. Taranov
169388,F. Valiani
169410,D. Adlung
169784,Y. Adnane
171067,Rafa López
171104,Álex García
171311,Alex Ortiz
171377,L. López
172050,B. Martin
172092,C. Bieler
172623,Natalio
173602,Jonathan Vila
175888,Alanzinho
176035,N. Pavlović
176766,K. Oris
176897,Y. Opazo
178033,G. Obertan
178073,F. Kiraz
178757,Z. Milanov
179589,D. Ya Konan
179736,R. Salinas
182409,Zhang Chengdong
183420,Cordero
183997,Yu Dabao
184189,José Gonçalves
184696,F. Santos
186747,J. Olave
187498,J. Jantscher
187577,P. Golyshev
188013,J. Díaz
188612,A. Catellani
191259,J. Wemmer
192339,João Guilherme
192463,José Carlos
192649,Rúper
192754,M. Mujdža
193482,Zequinha
196070,H. Martínez
197424,H. Sato
200271,Salomão
201983,Regalón
202608,Nadson
203690,Kijera
203797,F. Meneses
204537,R. Revoredo
204672,Javi Hervás
207935,M. Dituro
208927,H. Sulaimani
210861,Alemão
211446,O. Viera
212310,A. Núñez
214862,L. Benegas
215080,M. Tonso
215180,M. Echeverría
215271,I. Etevenaux
216027,L. González
221314,J. Méndez
224367,G. Lanaro
226746,I. Mayevskiy
236071,João Bardinho
210579,P. Reulet
213702,H. Ongenda
217794,B. Véjar
219650,Julio
219941,G. Castellón
214919,D. Rojas
210403,D. Chouchoumis
223302,Samu
213414,W. Troost-Ekong
219468,Luís Silva
219914,G. Varela
190445,E. Frimpong
198726,R. Boakye
219677,Ricardo Gomes
219979,Janio Bikel
223934,B. Yardımcı
224344,A. Vilches
227838,C. Núñez
229493,B. Sebaihi
198292,A. Logashov
198428,J. Zoua
199764,J. Ligali
202827,C. Battocchio
202915,Álex Quintanilla
204134,Álex Barrera
205955,B. Montenegro
219907,N. Aliji
229466,C. Martinez
188916,H. Eyjólfsson
193319,O. Aynaoğlu
197885,Cedrick
200374,G. Breinburg
205202,W. Golla
218433,F. Vega
220694,T. Berra
229469,J. Meneses
184323,J. Lecjaks
189042,T. Yalçın
190585,S. Williams
191135,L. Wakalible
193980,T. Moutinho
196848,I. Ávila
199747,J. Lauridsen
201450,J. Antonia
204392,K. Jansen
211619,S. Bateau
211953,R. Vollath
212618,F. Aristeguieta
213305,R. Šimović
214838,O. Opazo
229209,J. Benítez
229444,F. De Paul
230439,Roldão Riso
234957,Platiny
236111,Vinicius Trieiro
193197,Diogo Silvestre
193313,J. Koch
203318,C. Nazarit
206433,G. Katsikas
208005,Abel Camará
208488,R. Punčec
214697,N. Berardo
216021,A. Machuca
219448,M. Heinloth
223116,A. Özdemir
171524,O. Damari
184515,N. Blackman
189149,G. Cabrera
189476,Arghus
193949,M. Gueye
194955,Toni Dovale
195184,K. Mkrtchyan
199144,Diego Ivo
199199,Casado
199725,Y. Erichot
204214,M. Alexe
210471,Léo Itaperuna
213601,M. Medel
214685,P. Rubio
214767,L. Balbi
214834,M. Viana
220766,J. Falcón
221582,J. Palacios
226559,Christian
236383,M. Goua
7939,J. Jääskeläinen
49170,T. Kahlenberg
49485,M. Cetto
100807,S. Kotsolis
103581,A. Dunne
113524,Nino
120309,B. Barry
135647,P. Calandria
139043,M. Caneo
139801,S. St. Ledger
140140,Sinha
142710,A. Orozco
142798,V. López
143207,M. Romero
143748,A. Yılmaz
146104,Lopez Garai
146464,Migue
147445,D. Bilyaletdinov
147623,A. Sheshukov
147806,O. Vlasov
148067,A. Prepeliţă
148854,R. Schaken
152356,K. Persoons
153176,M. Óbolo
155589,Lee Ho
155852,Lolo
156506,M. Vuoso
157590,J. Mauersberger
157661,M. Fryatt
158595,A. Castro
162892,C. Eagles
162896,Q. Owusu-Abeyie
163244,T. Van Hyfte
170074,M. Davies
170307,H. Dellafiore
170871,Jajá
171016,Cisma
171023,Cirio
171356,M. Alatorre
171488,K. Bekmezci
171642,C. Álvarez
171879,C. Pereyra
172412,A. Cutolo
172418,I. Parlak
172952,T. Diagouraga
173178,Manolo Reina
175673,F. Hološko
176102,M. Novakovič
176472,N. Cabrera
176895,M. Pinto
177128,J. Le Moigne
177536,S. Rusculleda
177645,Agus
179918,B. Soro
180255,C. Brüls
180430,P. Grzelczak
180772,M. Al Marshadi
181971,Huang Bowen
183428,C. Akabueze
183527,J. Spearing
183903,S. Akakpo
184996,M. Vidangossy
187073,Seo Sang Min
187228,J. Orozco
187576,N. Burmistrov
188381,M. Dalé
190017,D. Veselinović
190176,Marc Pedraza
190450,P. Ninkov
192179,D. Adejo
192297,G. Arlauskis
192619,T. Heubach
192790,Matilla
193535,S. Prediger
198289,S. Chepchugov
198735,Javi Jiménez
199638,Provencio
199828,E. Čikoš
200540,Alex Albístegui
202210,A. Soares
202379,J. Zongo
203798,F. Seymour
204434,H. Navarro
205699,Jander
206000,P. Nekhaychik
207964,J. Castrillón
209719,Brito
212473,Fernando Ferreira
214914,M. Ríos
216514,B. Sagredo
217153,Wu Xi
217526,S. Yeini
221360,C. Espinosa
223195,O. Ovacıklı
223454,E. Konyukhov
226611,P. Campodónico
228937,L. Diarra
230343,Jonaldo Monteiro
230378,Emidio Hoffman
232059,J. Orlando
236072,Daniel Mestrança
212455,H. Mastour
233193,Ribamar
234691,B. Kalaica
235705,Zé Turbo
212341,V. Lystsov
225921,R. Şeydayev
218725,D. Khodzhaniyazov
232221,E. Soto
210019,L. Raeder
229892,Àlex López
234438,Fabinho
198109,C. Anene
208172,H. Vidémont
210870,G. Zhukov
211783,Bruno Mendes
219104,C. Bravo
219904,J. Agudelo
220147,F. Álvarez
223820,C. Rodriguez
229351,Néstor Salinas
199768,C. Gartner
214570,S. Mendoza
217391,Mica Pinto
219619,K. Itabel
223791,R. Niyaz
224201,R. Aguirre
226417,P. Romero
226733,D. Ramirez
229158,B. van den Boomen
194669,M. Ritzmaier
201886,S. Xulu
204729,Afonso Taira
209538,Vaná
210405,N. Marinakis
210427,Fábio Nunes
211671,J. Radošević
214419,J. Duma
214630,A. Barrios
215467,S. Mijailović
216465,M. Fatau
219743,S. Al Duayyi
230748,T. Gorupec
231930,L. Sosa
124388,O. Çek
184176,G. Bruno
194953,J. Martial
215208,E. Isnaldo
215533,S. Stevens
220269,J. Oto'o
228206,T. Morena
193161,P. Cros
194872,N. Zabolotnyy
199728,Aurtenetxe
205926,C. Çavlan
215647,Juanma
228233,R. Arboleda
236307,D. Graovac
187732,D. Abakumov
188406,S. Joseph-Monrose
190474,B. Sverrisson
194206,A. Chochiev
200235,M. te Vrede
205617,L. Baloyi
205676,Tekio
215225,A. Alegre
217525,O. Davidzada
220205,M. Milec
226068,F. Kom
227898,B. Jović
229246,N. Korovesis
230526,Kaio Figueiras
236146,Marlon Dorrão
184925,J. Vlasko
189175,F. Bulot
193516,M. Nešpor
194952,François
199038,L. Paulussen
205548,N. Bellomo
209025,Anderson Conceição
211274,M. Pérez Guedes
213618,D. Vallejos
213997,O. Berrio
214299,R. Caroca
215243,F. Elizari
215582,M. Masłowski
234442,Didi
236177,Heitor Mutto
181214,A. Cauņa
181989,A. Ríos
185339,E. Ngolok
189311,T. Hateley
193517,D. Vujičević
198328,Mateos
201096,José Ángel
201329,T. Bendiksen
202644,S. Giacomelli
210205,D. Malone
211288,L. Domínguez
212822,K. Harbottle
214961,F. Alarcón
216570,D. Delarge
218345,J. Zacaría
225360,G. Enache
226615,F. Canever
229635,R. Ochiroşii
235542,G. Bravo
3395,S. Wright-Phillips
24932,P. Nilsson
28230,R. Castelen
49192,M. Nordstrand
51417,P. Konchesky
52279,T. Bechmann
53792,M. Hudson
101803,G. Šukalo
110368,Edu Albacar
115577,Armando
136672,Cho Byung Kuk
137151,C. Raimondi
137159,A. Budel
137270,M. Magee
138631,M. Lequi
139871,M. Fledderus
140121,A. De Nigris
142601,M. Mirošević
142715,S. Romero
143200,A. Pelletieri
143609,L. Vella
143623,C. Arat
145210,Guzmán
145595,Mantecón
146634,Iago Bouzón
150447,L. Poggi
150472,R. Zubar
150810,S. Ricketts
152092,M. Stanković
155964,S. McDonald
156167,L. Best
156170,J. Thomas
156259,J. Rzeźniczak
156920,O. Werner
157801,N. Pulzetti
158128,D. Mannini
158260,X. Chen
158789,A. Castro
160556,S. Kornilenko
162830,B. Ilić
164962,M. Dimitrijević
165854,J. Henao
165882,Oh Jang Eun
166943,R. Vorobiev
167610,A. Gorbanets
168913,G. Karanović
169329,N. Pečnik
169641,J. O'Hara
169649,A. Mosquera
169777,M. Koffi
170309,F. Piovaccari
171801,Romeu
172207,D. Edgar
172280,E. Huseklepp
173491,D. Mrđja
175367,D. Goodwillie
177051,S. Meza
177322,F. Gamboa
177602,W. Paredes
177803,D. Paponi
177965,E. Jendrišek
178056,Kaká
178077,M. Uslu
180400,Isidoro
181094,Túlio
182765,B. Abdoulaye
183778,A. Fischer
184581,G. Troianiello
184845,Wellington
184913,D. Hubert
184988,Dani Abalo
186586,P. Polczak
186973,E. Meza
187175,A. Dauda
190015,M. Cissokho
190561,Palanca
190723,N. Paparatto
192499,Héctor Yuste
192977,N. Madsen
193159,D. Cháves
194224,Pedro Orfila
194327,N. Mabena
194415,A. Quintero
195473,K. Ağayev
195722,R. Cereceda
196930,M. Bejarano
198783,J. Toledo
198826,A. Lisuzzo
199145,Jandson
199340,B. Gorka
199718,I. Vrdoljak
199973,B. Yılmaz
200147,F. Coria
201410,D. Nwakaeme
202611,Manuel
202694,S. Kislyak
202715,Urko Vera
203680,Góngora
203799,Bruno Andrade
204230,F. Taulemesse
208958,K. Sharahili
209377,R. Achenteh
209436,T. Akahoshi
209564,H. Al Hamdan
212465,M. Jones
212603,C. Pérez
213847,D. Silva
214396,F. Noguera
214498,N. Barahona
214689,G. Villagra
214703,D. Sánchez
214711,C. Muñoz
214722,F. Reynero
214723,B. Rodríguez
214753,J. Muñoz
214818,S. Varas
215260,G. Farré
215289,F. Telechea
215999,D. Díaz
216017,H. Berríos
216023,M. Lepe
216033,J. Broun
216047,P. Muñoz
216051,A. Medina
216528,L. Vázquez
216662,J. Córdoba
218164,F. Oviedo
223020,M. Mbamba
223665,F. Ciampichetti
223802,Nelsinho
224140,J. Miño
228965,Pica
230203,Claytisco Branco
230592,Dirceu
230775,D. Tkachuk
232137,W. Restrepo
234005,Óscar Sendinho
234025,Davide Eustáquio
234544,V. Parnyakov
225236,B. Kuscevic
235132,F. Buschiazzo
235259,E. Maloku
226661,J. Schuurman
215766,L. Filippini
231125,Liberto Beltrán
233564,A. Schetino
225574,A. Murillo
228931,B. Mervó
229235,M. Muhammed
205947,A. Ba
221884,L. Ontivero
222116,J. Ramírez
222541,P. Vouros
228391,G. Morales
212109,J. Bijimine
220832,N. Rubio
223400,I. H'Maidat
234929,Gleison
212205,N. Storm
214840,A. Robles
214972,F. Bravo
218232,N. Vargas
226609,Cho Suk Jae
230599,Bruno Mota
234715,A. Faisal
162130,Santamaría
194367,E. Hadžić
214102,D. Álvarez
223208,Z. Kalmár
229362,A. Öztürk
234834,K. Andrić
192007,M. Zúñiga
194059,M. Chrapek
201405,N. Kabasele
205419,De Los Reyes
207647,Q. Pereira
211578,Betinho
212466,C. Cisneros
214254,B. San Juan
214854,R. Farfán
216013,A. Martínez
219970,K. Boateng
222533,Nuno Valente
224464,S. Sylla
228303,Jorge Ortiz
229687,Rodrigo Ramos
229804,A. Mitriţă
235055,F. Stojković
190140,A. White
192731,A. També
196016,T. Tisdell
199146,A. Halliday
201814,P. Cros
205214,Z. Tripić
207762,Jota
211089,T. Peyre
212325,Lucas Farias
214715,L. Povea
215822,X. Schenk
218736,Vítor Gonçalves
219520,W. Acuña
221985,N. Datković
223194,S. Özmen
224255,C. Vergara
224527,Rafael Páez
227868,C. Dieng
230314,Kaíque Mutto
235435,U. Sönmez
193253,M. Ildız
201159,E. Makhmudov
203092,B. Ibini
205463,M. Thiede
205898,L. Rotpuller
206062,Dieguinho
208489,M. de Jesús
209886,A. Caceres
210420,J. Vercauteren
212353,I. González
213163,M. Rodić
213602,O. Bosso
215073,G. Ferracuti
216014,E. Flores
216316,S. Toro
220857,E. Gyimah
227708,Lucas Tagliapietra
186102,M. Chrisantus
186241,H. Ojamaa
197359,I. Rabiu
199182,C. Abraw
199791,E. Larsen
200441,J. Hélan
202393,L. de Kogel
205631,C. Insaurralde
207641,B. Carrasco
211071,Iago Díaz
211178,M. Rusike
212588,Lim Chang Kyoun
214192,J. Mena
223067,N. Yeri
225391,F. Guichón
225706,M. Trauco
189818,Renan Foguinho
191800,T. Taguchi
194372,E. Taşkıran
194449,Bruno Collaço
194522,A. Pomerko
197935,Fofo
209455,D. Djoussé
209764,G. Joppen
211293,A. Vukušić
214424,J. Silva
214427,M. Escalona
214710,J. Espinoza
214863,A. Delfino
223687,C. Mac-Intosch
230172,Traeira Lopes
230426,Arturo Inálcio
234938,L. Medić
235282,R. Pastorini
169479,R. Griffiths
177634,M. Junglas
189958,Edu Bedia
190564,M. Stephens
192786,Marcos Gullón
193460,Tiago Almeida
199382,C. Glombard
200294,Edu García
203879,Alvarinho
204840,D. van Mieghem
209665,P. Fazio
215215,F. Fontanini
215324,M. Sarulyte
217215,N. Bonilla
224604,Wang Shenchao
226416,R. Noya
228169,N. Vidmar
230591,Deyvison
232386,C. De Cenco
234754,E. Mkhabela
6587,Taborda
22151,M. Albrechtsen
46740,M. Ericsson
49502,T. Olsen
49905,B. Davis
50531,O. Storflor
51694,H. Opdal
52309,J. Mapp
103735,N. Timmermans
112373,A. Balijon
112656,R. Wulnikowski
117492,D. Ducourtioux
138706,Diego
139343,K. Foley
140393,W. Ponce
143138,J. Olave
143610,D. Villar
146636,José Juan
147007,Jaime Gavilán
147743,D. Andreev
148634,B. Vandenbussche
148866,S. Duits
150451,H. Bienvenu
152126,F. Mader
152643,J. Douglas
154152,A. Oyewole
155351,Choi Jae Soo
155883,S. McManus
156012,Collantes
156098,H. Cervantes
156166,D. Blackstock
156438,T. Gebauer
156500,J. Olvera
159068,O. Barsottini
159467,William
161678,V. Montaño
161697,D. de la Torre
161699,R. Prieto
162365,H. Drost
163169,A. Lupoli
163265,Biel Ribas
163476,K. Wilson
163652,A. Scaramozzino
163662,G. Krebs
164417,J. O'Connor
164507,D. Kennedy
164907,Jacobo
165031,J. Acuña
165230,R. Soumah
166693,E. Lobos
169417,O. Vukojević
169448,E. Bjarnason
171006,Falcón
171106,Juanjo
171139,Óscar Díaz
171490,S. Aresti
172039,K. Aabech
172547,B. Sadik
173463,César Remón
175787,W. Rentería
175956,T. Jacobsen
176902,L. Figueroa
177106,C. Ede
177289,J. Chávez
177367,M. Tavares
177515,V. Rama
177829,L. Gamboa
177973,S. Can
178078,S. Kesimal
181339,K. Ceesay
182118,Jiang Ning
182164,A. Schembri
183251,S. Lang
183369,R. Fournier
184891,D. Castaño
185376,M. Skender
187494,H. Ruíz
187513,Adriano Pardal
187514,M. van der Laan
187522,D. Yatchenko
187850,A. Nikçi
189106,Pau Cendrós
189306,Marcus Diniz
189328,M. Nilsson
189349,M. Görlitz
189874,Igor Martínez
190160,R. Austin
193106,J. Barrales
194853,Fábio Neves
194997,Rafa García
197735,H. Emam
198838,Pau Torres
199301,Hwang Il Su
199664,R. Brimah
199772,S. Yılmaz
199940,J. Cuevas
200648,R. Kronaveter
200673,T. Puljic
201585,Adriano Alves
202654,D. Čotra
204320,X. Mercier
204813,J. Novota
206041,C. García
206272,C. Bălgrădean
206472,Ko Kwang Min
208196,M. Aceval
209635,G. Malfleury
209753,Fran Pérez
209785,P. Phungwayo
210239,M. Tomasov
210614,Semedo
211822,S. Morabit
212471,N. Bianchi Arce
214222,L. Giovini
214266,G. Barriga
214286,D. Amaya
214370,H. Murillo
214503,L. Delgado
214588,P. Jerez
214695,J. Ampuero
215043,S. Pol
215085,R. Naranjo
215136,M. Villalobos
215268,V. Aquino
216042,F. Muñoz
216427,O. Volovyk
217126,W. Guerrier
222163,R. Pich
223276,Jorge Díaz
223295,Carlos Santos
224746,M. Pérez
228964,Piojo
229445,G. Pacheco
230210,Eder Pinhanços
230233,Paolinho Leima
230321,Rafael de Aseiro
230326,Lino Essier
230351,Silaldo Taffarel
230356,Ataúlfo Anjos
230357,Kaio Aldair
230440,Fredditinho
230492,Marcundo Rochela
230514,Bernard Costinho
230577,L. Grassi
232160,G. Bazán
232184,P. Torresagasti
232604,K. Iwashita
233978,Victor Bereitta
234016,Welliton Helmes
234026,Diogo Dalinho
234031,Edson Meneira
234433,Icaro
234657,M. Hartl
235102,R. Pérez
235617,Davi
236169,Frederico Rendel
236173,Alex Doneiro
236192,Claudio Silbeiro
231395,José Gomes
225105,Cristo González
225964,J. Carrascal
231965,Beto da Silva
222576,Pleguezuelo
229650,C. Gutiérrez
225910,M. López
226569,K. Méndez
234665,Dinis Almeida
214440,D. Melo
224827,S. Kilic
227794,C. Verdonk
235279,M. Rharsalla
205485,A. Henley
211987,R. Yalçın
219046,D. Ismail
219091,J. Fuentes
228423,K. Essikal
210706,N. Chamed
220287,J. Dinenno
226720,Witi
228831,G. Motupa
232611,K. Miyahara
192769,Z. Allée
202716,Abdón
213486,D. Efremov
216639,E. Henty
218389,F. Carmona
226222,S. Keita
231688,T. Phete
234937,Mickaël Meira
200957,C. Mavrias
204488,G. Comi
207661,Digão
214291,C. Rodríguez
219595,D. Quiñones
222272,B. Osei
229245,P. Corral
233104,R. Ketting
234868,N. Suley
235708,Sancidino
202168,A. Jug
203976,M. Alhassan
204931,J. Smits
213869,K. Rocheteau
215310,K. Mackiewicz
215413,Rafinha
216251,S. Hendriks
223856,M. Alaniz
223994,S. Mugoša
224187,M. Rayhi
226208,Nacho Monsalve
226953,J. Da Silva
228974,Damià
229282,Thiago Santana
232431,L. Crepulja
187069,E. Vera
190451,N. Ranger
190644,H. Ibusuki
200076,L. Henkinet
202864,N. Peñailillo
204624,Kiko
204863,Iván Sánchez
204905,J. van Ewijk
207622,M. Bjørnbak
212052,Biel Company
213984,J. Becerra
219158,M. Mosquera
220556,U. Diallo
221239,J. Sánchez
222321,I. Baradji
222377,G. Ríos
223541,Carlos
224608,Cai Huikang
225396,B. Ampuero
232607,F. Formiliano
189858,Carlos Lázaro
200151,A. Cerigioni
212660,K. Teijsse
214167,L. Parodi
215132,S. Moyano
215360,Carles Mas
219746,D. Torres
221968,J. Rodríguez
226713,A. Fall
230968,M. Jelić
232499,S. Píriz
190075,D. Elsneg
197831,J. Davidson
197934,Llorente
199369,D. Escalante
200702,N. Oduamadi
201302,N. Hasselbaink
203617,N. Mytides
210151,A. Delkin
211305,A. Tabanelli
212964,Jo Soo Chul
214270,C. Escobar
219648,A. Hungría
225312,R. Litauszki
229165,C. Oyaneder
230359,Germano Monico
232072,V. Pryyma
235409,O. Hamzaoui
235891,M. Fink
189591,T. Reifeltshammer
192607,V. Ryzhkov
198080,B. Acosty
200530,S. Corazza
205672,K. Heerings
206156,M. Romizi
207418,I. Neagu
207768,L. Caballero
208832,F. Boyer
214023,L. Calderón
214700,M. Navarrete
214759,R. de la Fuente
218521,A. David
218938,S. Silva
228244,S. Diédhiou
229000,S. Sissoko
233437,S. Hlanti
235208,Gilmar
236174,Kauã Reisende
172327,R. Kitoko
173440,M. Addison
183196,L. Boden
185263,A. Mansally
190690,B. Babiarz
192261,A. Wede
202224,C. Grossman
203869,R. Poclaba
205084,P. Rakovsky
211077,M. Poljak
214592,S. Cuerdo
215678,M. Dijkstra
220108,C. Mena
227840,M. Ordóñez
229993,H. Sönmez
230494,Fepe Rochela
235509,Esquerdinha
45073,K. Lasley
45074,J. McFadden
45652,E. Ekobo
53669,J. McAnuff
100585,D. Etuhu
104463,K. Høie
116479,F. Sirieix
120044,T. Lahaye
125290,E. Teber
134683,I. McLeod
134688,J. Faty
135454,E. Marester
136222,T. Muyters
138050,R. Kienast
138098,J. Jewsbury
138156,H. Gómez
138667,G. N'Daw
138679,J. McEveley
140507,P. Quinn
142783,J. Santana
143601,M. Rosales
145025,Vicente
146561,Cases
147001,Felipe Sanchón
148159,R. Gerus
148258,I. Cherenchikov
148978,T. Daemen
150391,A. Shapourzadeh
152745,M. Woods
152900,N. Grabavoy
152992,S. Kelly
155537,L. Jessen
155915,L. Buxton
156986,G. Sardo
157319,M. Nagata
157470,A. Barrett
158111,Y. Rivière
159001,P. Larsson
159274,M. Coppola
159561,Queco Piña
160305,A. Zamora
161725,L. Pagliarulo
161737,E. Dueñas
162414,S. Penco
162505,S. Pylypchuk
163693,C. Velázquez
164458,S. Aborah
164957,Paulo Nagamura
165263,G. Bonin
165474,Matheus Vivian
165519,F. León
165671,W. Kędziora
166406,Z. Scott
168629,I. Khalili
169571,D. Guthrie
172025,I. Promise
172070,Carlos Calvo
172145,J. Owoeri
173256,T. Charles
173987,T. Scobbie
176322,Park Sung Ho
176543,C. Díaz
176611,M. Canchila
176780,F. Moussa
177619,U. Korkmaz
177696,E. Brambila
177815,Y. De Winter
177825,D. Green
177980,J. Surraco
178076,L. Sylvestre
178435,F. Lazzari
179684,J. Castillo
180279,Kim Hyung Il
180733,A. Leijer
180983,C. Ashe
182427,Yang Xu
183235,M. Hornig
183660,D. Malonga
184565,A. Kirm
186335,W. Atta
186400,B. Ferati
186434,Ruymán
186643,S. Lenhart
186753,N. Gulan
186793,N. Tubić
186845,L. Di Matteo
188146,A. Lippini
188564,S. Mthembu
188929,G. Dufour
189040,Rodnei
189750,G. Bianco
190021,Hugo Fraile
191646,A. Takeuchi
191953,Bang Dae Jong
192276,M. Bordachev
192315,Henrique
193451,M. García
194202,K. Gomis
195540,A. Abbas
195838,Crivellaro
198139,Edu Oriol
199113,E. Moberg
200349,J. Boghossian
202337,V. Ubiparip
202776,E. Gehrig
203649,A. Bruno
203927,M. Akyüz
204018,F. Araujo
206298,V. Adžić
209757,V. Janjetović
210027,K. Fallata
213604,I. Vásquez
214051,N. Morantes
214389,D. Palacios
214684,S. Jaime
214719,G. Sandoval
214803,J. Capelli
214837,M. Donoso
214857,E. González
215120,V. Sarabia
215189,G. Díaz
215261,J. Velázquez
216030,F. Portillo
218192,I. Benegas
223542,Adilson Goiano
223857,O. Salinas
224286,Leandro
224959,A. Al Khaibary
226079,M. Zakaria
227277,R. Brum
229875,Ferrán Giner
230176,Sacramentinho
230177,Jailson Acuna
230240,Ramón da Almeyda
230268,Estevãtinho
230284,Germán da Silvieira
230369,Durval Dutría
230374,Deiverson Kaio
230385,Albertinho Dutra
230406,Guilson Paiva
230504,Lorenzao Masca
233985,André de Arao
234006,Josimar Feijoo
234027,Lorenço Pirdel
234767,Juanjo
234963,H. Salaberry
235497,Heberty
236108,Estevão Baldeiro
231025,Hugo Rama
234063,A. Ponce
222154,B. Carvallo
223229,C. Manea
224998,M. Latour
228283,R. Civelek
233506,A. Masuyama
235934,H. Küçükköylü
209600,D. Gravenberch
213834,K. Arthur
225923,G. Camara
229638,M. Kuleli
232717,D. Korobov
233160,Jung Won Jin
205653,S. Coulibaly
220359,M. Astina
223931,H. Matthys
226719,P. Slidja
227266,Diego Gregori
228700,S. Alberto
228820,S. Rosso
229207,Àlex Corredera
229889,A. Bukia
232311,L. Owusu
234097,R. Tarifeño
235277,R. Popa
235893,I. Atiemwen
204340,S. Mussmann
213471,D. Bojanić
214318,N. Orellana
217238,Bruno Lopes
219951,A. Salétros
222540,N. Vergos
223416,F. Yaman
231754,M. Ngombo
234200,A. El Mahdioui
196905,S. Wieser
203268,L. Cole
206574,R. Streete
207756,Álex Serrano
210370,K. Gutiérrez
210437,A. Belmonte
213021,A. Conte
214414,R. Ureña
217077,R. Chen
219185,Felipe Ovono
219968,A. Kaboré
221734,Y. Sallahi
223793,S. Grahovac
224504,I. Poblete
226046,M. Gamakov
229587,Arroyo
229637,G. Akkan
234587,J. Leiva
235115,M. Parra
235314,Idé
203521,L. Laing
209709,B. Edomwonyi
209962,T. Hölscher
219529,N. Ferreyra
219569,Cedric
224873,T. Malec
229465,S. Leyton
235252,A. Arroyo
204420,J. Sternberg
208600,R. Buwalda
210557,Nuno Campos
213220,R. Kenne
214415,E. Chaux
215296,L. Pérez Godoy
215452,V. Da Silva
218392,G. Diaz
219635,D. Oyarzún
220452,E. Pérez
221859,Lee Ju Yong
223102,F. Costa
226163,J. Romain
232592,T. Nishino
232699,L. Comas
235434,K. Sönmez
235707,D. Flores
192761,E. Jonassen
200291,J. Banton
200578,Lee Jae Moung
204481,R. Frikèche
205790,A. López
207917,Pedro Martín
210148,R. Klaasen
210824,F. Tchenkoua
212177,D. Martínez
212938,B. Moe
218207,H. Jouini
220288,S. Ceballos
220396,Rufo
223653,C. Jopia
225723,M. Diop
226815,A. Dia
229446,D. Vicencio
233109,F. Stokkers
234981,Y. Bamba
189842,O. Gobern
189905,M. Budziński
190655,M. Sundli
194873,E. Bashkirov
199168,R. Bergkamp
201170,A. Rakowski
202885,E. Rivera
208127,K. Koubemba
210486,C. Schilling
213378,I. Berezovskyi
214150,J. Mostasilla
215500,Roberto
216524,J. Eickmayer
223566,W. Dammers
232694,J. Méndez
235672,V. Churko
189811,J. Wallace
191626,L. Atakora
199783,M. Karner
201112,J. Słowik
201769,K. Simon
211802,Wellington Lima
214000,Y. Reyna
221316,M. Blázquez
221685,Pedro Ribeiro
224063,P. Moskwik
229856,J. Parraguez
235654,M. Giménez
179834,M. Velasco
183662,C. Drazan
186370,C. Morris
194514,A. Kontsedalov
202338,E. Cummins
214743,J. Romo
214849,A. Parra
215326,R. Iberbia
219182,R. Villarraga
221302,N. Tapia
229600,D. Popovič
231970,D. Torres
234990,I. Žunić
181381,A. Landgren
189339,U. Eusepi
191082,D. Stenderup
198867,F. L'Hostis
203045,C. Wede
206345,U. Budak
211846,S. Amro
212570,J. Suk
212749,K. Bekker
214255,A. Lima
214917,G. Sepúlveda
234702,A. Sanaia
235711,Erivelto
15304,N. Alexander
46716,D. Johnson
51512,M. Canning
52009,J. Stewart
53867,N. Montgomery
104101,B. Köhler
130933,F. Dickoh
135989,C. Ruíz
138911,C. Terlizzi
138957,M. Ciaramitaro
139165,J. Ibarra
140183,S. Narazaki
142747,F. Costanzo
143590,L. Fernández
146939,Escalona
147557,A. Novikov
148142,S. Samodin
148180,D. Smirnov
148625,D. Mendes da Silva
148685,L. Eriksen
152876,M. Yeates
155018,R. Jones
155446,R. Cociş
157546,A. De Falco
157941,D. Mooney
158718,R. Colombo
158788,J. Cobo
161269,A. Katsalapov
161690,A. Vela
162473,R. Turnbull
163363,N. Doyle
164850,Rui Sacramento
165447,E. Børufsen
167208,S. Kuznetsov
167423,C. Llama
169174,M. Dahlberg
169415,E. Hernández
169714,Fábio Ferreira
169898,O. Fôn Williams
170051,M. Paterson
171787,Lucas Segovia
172002,P. Wiśniewski
172116,D. Lagos
172178,B. Corr
172265,I. Osbourne
173246,G. Klusener
176325,Lee Sung Hyun
176907,C. Canío
176922,F. Assmann
177409,D. Brinkmann
180994,C. Konopka
181021,D. Djulbic
182111,Sim Woo Yeon
182496,J. Oremo
183654,C. Baker
183905,L. Genest
184055,Ángel Martínez
186847,E. Çani
187116,M. Vidal
187580,A. Stavpets
187790,N. Marinković
188167,D. Seaborne
189386,K. Diaz
190041,N. Nieveld
191077,K. Brands
191373,M. Yasuda
191657,Lim Sang Hyub
192282,D. Verkhovtsov
194881,B. Bonilla
196853,J. Sánchez
197503,K. Al Mousa
198120,A. Aras
199560,G. Angoula
200345,E. Kafkasyalı
200712,E. Zec
201004,Odaïr Fortes
201392,A. Campagnacci
202217,M. Farfan
202502,Kim Byeong Oh
202669,J. Persson
203839,R. Korte
204022,K. Rogulj
204521,S. Sarr
204897,Jeon Woo Young
206656,M. Campos
207921,Pallarés
209571,A. Bo Shagra
209802,L. Sánchez
213251,J. Ferrari
213595,F. Sánchez
213944,J. Zea
213996,C. Ceballos
214435,E. Carvajal
214522,J. Ortiz
214706,N. Veloso
215092,M. Zenteno
215219,O. Carniello
215229,J. Sacks
215691,L. Lambooij
216185,T. Trdina
218742,F. Dutari
220001,A. González
220568,J. Cabión
221725,F. De la Fuente
223234,L. Prichoda
224453,P. Visconti
224717,A. Pugin
226742,F. Martorell
228978,F. Stevance
229060,A. Barthe
230182,Lucas Mantela
230303,Marcelo Vildeia
230338,Edu Selneira
230352,João Gerster
230376,Bruno Fagundeiro
230394,Nuno Moldeiro
230458,Paulito Zanon
230527,Sero Rochedo
232347,G. Bottino
232847,Y. Akimoto
232966,H. Jogo
233599,H. Tolba
233984,Mardial Cunha
233990,Naldo Freidinha
234564,A. Malykh
230786,Pepelu
230732,R. Fernandes
232208,Allan
234813,R. Pankov
225157,A. Thiam
229904,E. Öztürk
224389,J. Larsson
224456,M. Soumaré
226702,R. Maulun
229833,D. Pantić
232797,F. Quintana
233309,S. Ramírez
222410,K. Veendorp
223372,Moha
226578,F. Rivera
232327,L. Enguene
233881,N. Robertha
234985,G. Manthatis
236253,F. Taş
226000,N. Oduwa
232653,R. Tapia
202722,Z. Pfeffer
214280,L. Pavez
220521,M. Bălaşa
221413,R. Echeverría
222418,N. Losada
223176,E. Pülgir
225090,Sergio Buenacasa
227908,T. Kada
228580,V. Sapan
228816,G. Giménez
229571,N. Antonov
229967,Tiago Sá
230559,M. Shved
231888,S. Karadeniz
233210,Kim Dong Hyeon
234635,N. Jambor
212942,Georgemy
222868,F. Cornejo
224505,B. Cmiljanic
226599,J. Ikaunieks
229390,Tiago Morgado
230119,L. García
235756,Calem
199770,M. Maak
204448,K. Adorján
214690,O. Hernández
218013,A. Moutari
227914,S. González
228069,K. Mercado
229441,G. Rivas
229492,Karl Vedova
229588,R. Zambrano
229713,J. Bizama
232663,E. Romero
233256,O. Anderson
234907,Renan Diniz
235752,Fer Cano
193937,D. Jablonský
207759,Igor Rocha
208426,F. Urso
211849,R. Marcos
212923,S. Galloway
212995,Areias
214779,B. Vides
215645,Sergio Llamas
219172,M. Cain
219476,R. Cicilia
219534,R. Colombo
223483,A. Lyakh
225202,Carlos Nieto
228780,Sanz
232950,H. Akino
187363,J. González
190597,M. Ziegl
192811,J. Payne
202815,G. Iravul
207912,V. Ciupercă
209267,J. Lumu
214698,L. Casanova
214812,B. Viveros
216256,D. Rosheuvel
216578,C. Nica
219267,Juan Esnáider
219618,E. Ellacópulos
220123,F. Mendy
226144,Kalil
229479,D. Markaj
232011,J. McCrary
234448,A. Dereli
234776,J. Bougouhi
234934,E. Girdvainis
236266,D. Mayora
197776,T. Drage
203066,C. de la Peña
204360,C. Newton
206243,C. Vincent
207642,R. Donnelly
207730,Baek Sung Dong
208348,K. Osyra
210311,S. Spiridonović
210507,P. Wessely
212146,B. King
215129,M. Dávila
216260,F. Kaufmann
224172,W. Huizing
226809,M. Aguilar
229062,I. McShane
233095,D. Breedijk
234757,L. Macha
189788,A. Kayalı
197895,A. Nieto
201894,B. Adams
202287,Im Ha Ram
202978,Min Sang Gi
203080,A. Bååth
205683,H. Rodriguez
206091,T. Thorpe
206596,F. Pinteaux
207545,Hong Jin Gi
213531,L. Fernandes
214992,P. Vidal
220740,T. Heikkilä
221783,J. Segura
224348,L. Hoyos
229440,V. Morales
234630,J. Moreno
197902,Luciano Castán
200301,N. Ross
202603,A. De Vitis
204173,A. Peuget
204196,B. Boulenger
204296,T. Vastić
208185,L. Vaccaro
210240,R. Ofosu
211971,S. Rivera
212227,D. Lück
212453,Germán Parreño
213831,R. González
214687,F. Castro
215102,J. Rebolledo
215501,E. Bajrami
220711,R. Mahazi
220982,A. Eriksson
224997,P. Costa Ferreira
228182,M. El-Shenawy
235091,Getterson
235111,L. Sosa
189978,R. Johansen
198761,B. McGrath
203189,V. Ljung
205005,L. Droppa
207781,T. Barbarić
209992,A. Fomitschow
210633,K. Appaev
213986,C. Cangá
213999,C. Hinestroza
214188,R. Castillo
214688,F. Saavedra
222342,Gu Chao
227575,M. Riascos
234609,Léo
234961,V. García
236109,Jorge Praceira
177618,J. Wright
187334,L. Hallenius
191911,Park Jun Tae
193574,P. Branduani
195360,Álex Sánchez
198872,Cala
200383,A. Belaïd
203877,D. Maatsen
204065,Fabinho
204755,C. O'Brien
208350,S. Larsen
209614,S. Fernández
210301,S. Tréllez
211344,A. Peña
214321,G. Martínez
215234,I. Quílez
215342,A. Bailo
217809,P. Vegetti
227805,E. Tello
232576,Y. Kobayashi
234289,I. Tatomirović
235391,S. Shahbazzadeh
235510,Samuel Santos
2815,J. Parkin
5005,E. Hoff
19140,P. Kenny
45717,J. Standfest
49768,M. Thomsen
52174,P. Moen
52978,A. Johansson
53786,M. Tudgay
101490,C. Casey
120243,P. Gori
120451,A. Hansen
139171,L. Pérez
140186,T. Myojin
140277,A. Cortés
142616,J. De Olivera
143779,K. Tarakçı
147427,P. Nemov
149241,A. Jadid
152746,P. Keegan
156451,N. Ledgerwood
159391,I. Black
162045,S. Pérez
163051,K. Hurst
163346,R. Clarke
163527,J. Magallón
164642,J. Lange
167695,P. Cregg
167803,S. Loach
167836,R. Loy
168394,S. Avogadri
169223,T. Stuckmann
169502,T. Kolehmainen
170457,D. N'Guessan
172103,W. Busse
172456,M. Christensen
172944,G. Coke
173346,L. Nyatanga
176078,N. Sturgis
176230,T. Wahl
176256,D. Nowak
176262,H. Wołąkiewicz
176319,Lee Gang Jin
177418,Henan
177988,Seo Dong Hyeon
178054,A. Valentini
178576,O. Urbano
179787,N. LaBrocca
181493,B. Djité
182004,J. Lantto
183732,M. Smiljanić
184278,J. Nava
184519,M. Arcari
186630,P. Staňo
187029,D. Mullen
187973,H. Tchami
188095,S. Wood
188575,C. Walch
189734,M. Pascali
189783,M. Di Piazza
190894,D. Barnes
191047,S. Escudero
191106,D. Myrestam
191480,R. Al Raheeb
192160,P. Ericsson
193238,N. Saavedra
195724,D. Gazale
197307,L. Fané
199265,Ko Cha Won
199625,R. Amieux
199925,M. Božok
200871,M. Fontaine
204145,S. Ziajka
204255,R. Pruchnik
204724,Sin Yeong Joon
205563,M. Juhár
206103,D. Vural
207962,J. Valencia
209343,R. Mukhametshin
210133,M. Al Mosa
210562,D. Aydov
210988,A. Al Shanqiti
214062,A. Salazar
214116,M. González
214205,E. Viáfara
214256,J. Cisternas
214325,J. Gómez
214576,L. Estacio
215197,M. Escobar
215389,B. Mahon de Monaghan
217803,S. Domínguez
218474,N. Bulvitis
219475,F. Lazzaroni
220042,Alexandre D'Acol
221581,Y. Rueda
221769,B. Milošević
221881,M. O'Sullivan
223384,Diego
223830,M. Ba
224046,T. Božić
224165,J. Huentelaf
226620,M. Vega
226655,M. Pyzdrowski
226958,Ronivaldo
228133,L. Veselinović
229103,J. van Son
229772,D. Aase
230179,Marlon Barninho
230236,Leonardo Freijão
230256,Adryan Zonta
230290,Dêniro Prestes
230293,Ferno Meireles
230345,Raullino Meneses
230380,Luildo Simões
230402,Muo Cadete
230508,Fabiano Pulheim
230512,Flávio Triginho
230637,J. Al Baour
233036,H. Arrigo
233144,T. Komiyama
235206,N. Mthiyane
235587,K. Brown
235879,A. Kokko
235953,J. Burgueño
236193,Dillson Teixeiro
236421,Guima
234669,D. Nikolic
224859,N. Laursen
235311,M. Briceño
225738,Kuki Zalazar
221983,M. Sánchez
226164,B. Torrealba
231085,I. Keser
234783,A. Vukčević
221489,J. Flores
222356,L. Vasquez
228753,J. de Lange
229495,C. Nwakali
230823,Y. Kaya
231081,H. Yıldırım
231741,O. Aydın
232118,A. Rabillard
227679,A. McDonnell
215662,Rafael Veloso
222497,Y. Leiva
224601,G. Waring
224877,D. Montiel
226548,G. Cubillos
228405,J. Taylor
229189,C. Tirard
229491,A. Moreno
229541,A. Montero
229854,R. González
230835,B. Drolè
230961,D. Cuadros
233027,D. van der Heijden
233371,B. Mieres
234713,D. van der Moot
235839,L. Zonta
236396,H. Kanis
220479,P. Olsen
226204,A. Batyutin
230663,Alisson Farias
230933,L. Schoofs
235265,T. López
205491,J. Espericueta
213752,Agnaldo
220579,Y. Kaabouni
222267,Tucka
222907,T. Zając
222989,M. Zaldívar
225076,G. Gorozia
226625,Pol Roigé
229500,Jaquité
230952,A. Modic
231756,S. Thomas
231916,F. Prce
232399,A. Otero
233382,Seol Tae Soo
236301,Koke
209824,T. Keita
210559,Sérgio Duarte
210560,Diogo Coelho
213417,S. Coulthirst
214850,K. Valenzuela
220511,M. Przybyła
221508,K. Bonsu
224305,Iván Calero
225416,Diogo Baltazar
226027,S. Karetnik
229722,K. Medel
230820,M. Akan
232383,J. Moreno
233460,Miguel Ángel
235517,D. Vuelto
236265,R. Sandoval
206525,S. Almeida
211271,A. Aguirre
212342,T. Mustafin
212714,T. Casasola
214333,D. Zúñiga
215131,M. Cubillos
216277,M. Daf
219410,C. Palacios
219452,J. Fernández
223947,J. Benteke
224994,J. Nyemeck
226517,H. Hajradinović
229407,L. Kizito
229499,Miguel Batista
229789,Agirrezabala
231807,M. Özyıldırım
231852,Etxaburu
233278,M. Babouli
233896,N. Soumah
234148,W. Janssens
234936,Digas
236018,N. Caro Torres
236334,Edu Ferreira
201166,P. Ten
211670,B. Joya
214271,A. Salazar
217837,D. González
219636,F. Manzano
219694,C. Johansson
222363,C. Osuchukwu
222642,A. Navarro
224430,D. Chessa
224584,Jairo
225686,O. Islas
226284,M. de Boom
227373,M. Pérez
228432,A. Bin Khayrallah
228972,S. Sánchez
229015,G. Báez
233123,I. Soumaoro
233186,Jang Soon Hyeok
234298,N. Alho
234610,K. Borry
234784,Raúl Navarro
235505,W. Candia
194790,H. Davis
200799,C. Doyle
203226,A. Nazari
204495,S. Lang
207988,A. Marín
211276,D. Santa
211424,L. Masalesa
212414,O. Sorto
212546,M. Abena
216183,S. Handle
220353,Ismael César
220713,F. Flores
221556,O. Mfulu
221744,R. Arias
222094,Juanma
222843,Ronan
224188,T. Mokwa
225553,B. Jovicic
226796,C. Hallisey
227889,D. Córdoba
229498,Paulo Henrique
232142,L. Chacana
232279,F. Mazurek
232372,T. Okamoto
234454,C. Dilaver
234732,E. Alvarado
235470,A. Popov
235488,D. Yarchuk
235985,P. Lima
198155,D. Achucarro
201222,S. Sini
202619,P. McCallum
204393,R. Fij
205681,K. Luckassen
206492,A. Sané
208214,T. Defourny
214139,N. Sepúlveda
214702,M. Larenas
214730,I. González
214755,F. Ragusa
215173,F. Freire
216245,L. Cárdenas
217990,J. Gómez
223228,E. Brito
225568,L. Marinucci
226488,J. Ayoví
228457,A. Dabasse
234054,C. Cáceda
234479,A. Rudenko
235153,L. Gelpi
235731,S. Babélé
200936,J. Reckord
205625,Marc Nierga
205813,P. Mroziński
206245,A. Gutor
210033,L. López
210201,M. Othman
210449,N. Ammari
213844,C. Gómez
229102,S. Palacios
229616,R. Ferber
233532,A. Flores
235146,S. Ramírez
194769,A. Błąd
196972,L. Sætra
199111,A. Lans
204507,J. Baxendale
220323,K. Jónsson
223992,Dionatan Teixeira
224535,J. Troncoso
229117,M. Serin
231971,M. Bouardja
234230,A. Mbimbe
234492,J. Gamonal
235511,I. Torres
235721,K. Horić
236274,C. Palacios
236336,C. Osaguona
236414,G. Lesman
179961,M. Woods
189687,R. McGivern
191978,Yu Ji No
193726,S. Welsh
204419,D. Nagy
206110,J. Acosta
209628,P. Babiloni
210116,K. Ouimette
212776,Lee Chang Yong
224958,Y. Al Enezi
232915,D. Ishizu
233295,M. Albertengo
234736,M. Toshev
177800,B. Lüthi
184077,R. Vikstøl
187338,A. Mehmeti
189489,P. Hackenberg
191451,G. Snijders
194737,Y. Cuesta
200325,T. Bergmann
204058,M. Legittimo
205254,R. McKeown
205679,T. Taylor
212685,C. Barson
214737,O. Gutiérrez
214739,M. Velásquez
215226,W. Olivera
218464,E. Quiñones
219881,F. Daffonchio
223018,T. Ünlü
233059,Francis
235631,J. Charquero
47003,M. Forssell
49581,H. Jónsson
53521,D. Henderson
112292,F. Richardson
118662,P. Hayes
119723,L. Williamson
138816,D. Brill
139531,D. Williams
139691,M. Pugliesi
139838,R. Makondele
140200,D. Matsui
140411,A. Gashi
145159,Manolo Martínez
145423,Cabrero
148487,L. Mierzejewski
149697,M. McChrystal
151019,J. Portin
152095,D. Baldauf
152507,G. Elokobi
152725,D. Ward
161990,A. Dober
163627,C. Brown
164008,L. Croft
164577,R. Imingen
165563,D. Ledesma
166837,M. Shogenov
167174,G. Dzhioev
169087,M. Ehrenreich
169639,C. Lee
169700,M. Weston
170445,A. Mangan
170968,A. Ferretti
172551,N. Agger
173025,M. Martin
173243,L. Solis
173758,D. Jones
176235,M. Ballouchy
176408,Kim Young Sam
176916,G. Abán
177830,Felipe Adão
178525,Tomi
178593,K. Treacy
179561,E. Omozusi
179745,D. Hollands
182054,P. Londak
184514,E. Paartalu
184615,S. McGinn
184663,M. Coulson
185052,D. Offredi
186830,E. Lyng
187145,Lee Seung Yeol
187341,R. Nilsson
188178,T. Fröschl
189185,D. Nordmark
191192,D. Petrucci
191367,K. Takagi
191482,S. Al Bishi
191794,K. Hashimoto
193286,K. Kovalchuk
193696,C. Trombetta
195898,W. Flores
197784,P. De Giorgio
200419,F. Córdoba
200597,Kim Do Youp
202049,A. Struna
202961,Lee Jae An
205205,J. Gómez
209053,F. Al Thunayan
211137,M. Hasah
213626,F. Hurtado
213823,C. Rojas
214103,E. Jiménez
214319,F. Rodríguez
214437,J. Grondona
214458,D. Rosende
214571,H. Escobar
214632,F. Piña
214664,S. Navarro
214746,F. Saavedra
223455,L. Tesák
223821,Yeo Seong Hae
223900,D. Wells
224536,F. Lazcano
225601,A. Al Shula
226424,Y. Garnier
227592,E. Morales
229146,A. Fiorina
229199,O. Briceño
230232,Jadenilson Baia
230403,Peixotacinho
230404,Benjamin Muscato
230419,Pedro Sousenha
230422,Murilo Sancha
230445,Rodolfo Pittaça
231952,M. Conti
232745,K. Numata
232953,T. Ota
232960,T. Sueyoshi
233291,K. Velkoski
233973,Sandro Couteiro
233981,Alan Besseiro
234000,Sander Asevedo
234003,Evandro Caliado
234543,I. Koronov
235012,A. Manouchehri
235441,F. Pérez
235734,Nino Santos
233610,A. Quiñones
234528,A. Larriere
224982,A. Palumbo
225959,A. Roguljić
227966,M. Sarr
230022,E. Atila
231847,B. Öksüz
232408,A. Udo
233300,Carlos González
235560,A. Makris
235988,Jacobo González
222150,T. Turner
227835,T. Tekie
229778,S. Georgievskiy
230847,Z. Elbouzedi
212416,A. Moreno
215086,B. Cortés
221483,C. Pontoni
225496,B. Tilney
225813,D. Castañeda
228824,M. NDiaye
229490,M. Figueroa
229505,D. Mills
229848,A. Vaikla
229863,Manú
230895,A. Wright
231652,S. Banza
231854,Borja González
235070,A. Krnic
235417,Andrés Barrera
212090,R. Santos
225458,B. Saavedra
228354,I. Swers
231024,M. Legaz
231080,C. Özden
233776,C. Moreno
235689,A. Zaccagno
236381,A. Diaby
207514,J. Sendles-White
211964,S. Milosavljevic
215140,E. Medaglia
215371,C. Jones
218387,N. Espinoza
218447,N. Rodríguez
223669,J. Chopin
224101,U. Jaimes
225720,G. Bijl
226495,Sergio Santos
226556,J. Martinez
228006,A. Abang
228299,R. Amin
229905,A. Bardakcı
231114,Y. Arboleda
231409,J. Ward
234430,Isi Ros
234456,Vieirinha
235787,André Teles
213558,T. Plattel
214699,N. Mancilla
228131,Lee Ji Min
234105,E. Rodríguez
235203,E. Obanor
190466,R. Noble-Lazarus
205972,R. Bentancourt
206430,J. Pigott
211562,J. Voest
212970,A. Ftinei
213652,B. Ormonde-Ottewill
214285,M. Bravo
214839,R. Saldías
216518,H. Bonmann
219819,F. Rojas
222640,D. Gama
226114,F. Mulić
226243,S. Brebels
228725,Cifré
229727,J. Rhyner
230100,M. Rojas
230777,Pablo
230996,A. Attobrah
231687,T. Evre
233628,M. Marconato
235313,A. Calcan
235533,G. Camacho
236333,Henrique Martins
213822,L. Cabrera
214915,C. Sepúlveda
215052,L. Kruspzky
221001,U. Saltnes
223899,S. Jacob
225657,H. Hevel
229826,A. Juraidini
232030,R. Saravia
234043,F. Al Abdulrahman
234062,J. Kuffaty
234315,R. Gadze
202926,J. Ericsson
203360,D. Vose
203517,K. Pogrebnyak
213226,A. Bassey
213621,C. Melivilú
214740,G. Alucema
216443,D. Russ
220448,I. Mhirsi
221716,T. Peay
225843,O. Güler
228560,Jeong Gi Woon
231012,C. de Pena
232324,A. Karachanakov
232388,Vitor Costa
232547,S. Stelcaldo
200781,C. Thomas
200845,P. Hoban
206032,Pol
206514,G. Nurov
212259,C. Dawson
227499,P. Stronati
227556,Choi Ho Ju
232937,Kim Hyun Hun
234718,C. Correa
235004,G. Suso
235291,C. Mbamba
235846,J. Kayser
186306,A. Pedroza
199744,M. Rauschenberg
205534,A. Bjerregaard
210245,M. Larsen
215048,J. Burrai
216110,D. Kudła
217603,C. Doumbia
221563,Y. Aponzá
226496,N. Miracco
234717,S. Pérez
235778,M. Julio
235857,M. Bilir
193181,A. Hemmings
198587,D. Bertoncini
200241,J. Biersard
207451,H. Anier
213806,S. Harrison
218369,E. Dagoulou
232913,M. Hamada
183341,K. Poźniak
189132,J. Florén
189629,R. Donaldson
191063,H. Araba
223397,Jesús García
227864,M. Batov
230505,Fachendinho
183229,J. Law
189314,A. Boyce
192580,J. Kelly
200560,Jeong Ho Jeong
209230,M. Al Najrani
210255,M. Pogba
213283,Park Hyung Soon
217610,Mamadu
228549,Kim Min Je
229220,S. Amadio
230023,F. Luna
232962,J. Suzuki
235433,E. Reşmen
13760,S. McPhail
19332,S. Mildenhall
19685,R. Humphreys
19724,L. Lawrence
51503,B. Jensen
53755,B. Paynter
100574,P. Abbott
130893,C. Ankergren
144055,M. Herzog
155330,Kim Tae Su
155877,C. Samson
158871,T. Reinmann
159074,D. Shiels
161521,S. Breev
162043,C. Martínez
168393,G. Aldegani
169102,S. Ebanks-Blake
169800,I. Diallo
170288,J. Myrie-Williams
170609,A. Rey
170766,E. Schirinzi
172086,A. Bossio
173226,S. Fautario
176645,Z. Zlámal
177324,R. Boco
178534,G. Caccavallo
180181,K. Browne
181115,T. Soma
184042,J. Dayton
184135,L. Rise
187943,O. Pouye
189188,D. Curiale
189409,D. Doleschal
189762,T. Altındağ
194001,E. Drozdowicz
196569,L. Douniama
196887,E. Rodríguez
200593,Ha Sung Min
202785,G. Kristjánsson
205090,C. Christensen
205981,A. Masuero
208244,H. Cuevas
209077,A. Al Rishani
209584,Y. Kaabi
210596,Goo Bon Sang
210748,W. Mojammami
211258,H. Al Nahedh
214514,F. Obeso
214802,D. Reyes
214832,A. Cólzera
218478,V. Gabovs
219778,F. Machado
220978,D. Svensson
226944,C. Santacruz
229847,A. Keita
230214,Luis Paezinho
230223,Sidnei Dalmeira
230245,Douglas Carvalheira
230254,Paulson Junqueira
230327,Gérson Damesio
230331,Wagner Laranjo
230355,Rubens Freitosa
230391,Perceval Acunha
230416,Vasquão Junior
230427,Elildo Petri
230454,Leôncio Lobeiro
230517,Tiagildo Serra
230712,M. Madkhali
231300,Y. Duk
232368,K. Kaga
232508,K. Morisaki
232554,S. Sagarzazu
232751,Y. Mikado
232941,H. Nakamura
232973,K. Fukuda
232983,M. Watanabe
233979,Igor Dintra
235469,O. Kasyan
235595,A. Diop
235848,D. Carando
236197,Hélton Carvalhal
235118,David Subias
226584,P. Aranguiz
229535,R. Meléndez
235292,L. Carissoni
228045,S. Serchenkov
229649,G. Suazo
232189,N. Ramírez
214635,D. Smith
221487,J. Sierra
226563,R. Grego-Cox
229528,M. Matvienko
233706,D. Gonzalez
236372,Miguel Santos
220605,J. Rodríguez
225012,S. Owobowale
228750,R. Obst
229288,R. de Boer
229633,Lucas Viña
233245,S. McLoughlin
234341,I. Eğribayat
234455,S. Yılmaz
234862,A. Magaña
236439,L. Pinto
226265,C. Lobos
231413,M. Verrips
231455,A. Cuadra
231675,T. Ayan
232055,L. Di Livio
235667,H. van Schaik
236226,S. Can
204282,C. Kane
218980,J. Silva
219682,B. Constant
221270,G. Lefebvre
221449,N. Luján
222591,K. Flores
222863,B. Taiva
227489,M. Blutsch
227599,D. Dianessy
230109,F. Schröter
232764,Gonçalo Tavares
235833,F. Damian
235840,M. Di Gregorio
223305,P. Mystkowski
225610,S. Gori
226552,C. Koca
227579,D. Hümmet
228553,Lee In Soo
228680,F. Fritz
229133,J. Kvída
230716,Óscar
231097,N. Amaarouk
231186,I. Leontyev
231815,I. Ochoa
232309,Jaime Pinto
233417,Asier Benito
233775,N. Benegas
234613,G. Sarrabayrouse
234765,Pol
235356,R. Mannes
200872,J. McKee
204914,D. Pappoe
212133,A. Hollingen
223002,E. Kartal
224332,J. Kolstad
225153,J. Santander
225414,D. Naah
228276,Y. Shafinskiy
229394,R. Schoop
229926,H. Robert
230638,J. Vásquez
231017,M. Brandner
236332,Fábio Mesquita
210799,J. Björkman
213027,M. Preston
213224,P. Mngadi
218663,Ale Pipo
221840,E. Kebbie
223093,M. Dalla Costa
224353,M. Schindele
225286,F. Maya
226240,I. Bonadio
226544,J. Quiñones
228853,D. Bassock
229468,F. Saavedra
230044,M. Maouche
230118,M. Fernández
233711,T. Oude Kotte
234360,Héctor Nespral
234714,C. Aktav
235214,S. Cason
235484,Vítor São Bento
236243,M. De Marchi
203147,E. Nungaray
205754,S. Hewitt
208603,C. Badjeck
213212,V. Marković
214559,K. Madianga
215004,L. Salas
219783,David Gómez
222694,Sergio Pérez
223526,K. Tamás
226113,O. Hernández
230633,I. Galli
234447,S. Keskin
234449,E. Uruç
197882,A. Wynter
210939,P. Frascatore
221428,D. Kun
221623,S. Neumann
221759,Kim Gyeong Min
223233,C. de Reuver
224040,T. Chérif
225103,Rubén Sánchez
226795,C. Simonin
229164,E. Otárola
229618,B. Galván
230056,R. Paz
231717,A. Bai Kamara
231738,P. Pedersen
232034,E. Appiah
232035,D. Castillo
235189,D. Bartolota
235389,C. Rodríguez
207586,O. Silverholt
210141,Y. Al Fahmi
210397,J. Munns
212833,R. Brindley
229741,Mauro Cerqueira
232867,M. Kushibiki
235892,A. Atiyah
235918,T. Paredes
193023,A. Blackman
198326,H. Nilsson
199985,J. Redshaw
210920,A. Mohammed
213817,N. Baouia
215511,H. Neziraj
216007,K. Danielewicz
221758,Park Jun Hui
224592,F. Perucchini
228267,A. De John
231931,H. Lópes
232295,F. Bejan
232349,J. Celaya
233399,R. Babenko
234420,D. Brunnhübner
234451,Y. Gölboyu
235852,D. Godoy
198252,C. Clay
199754,C. Dikamona
204008,J. Gosling
205010,J. Moreno
210135,M. Al Farsi
210470,M. Berger
214465,O. Vidal
214752,C. Ponce
227867,T. Juel-Nielsen
229514,A. Ibser
229591,G. Kurtaj
232070,R. Caballero
234809,E. Guerrero
235235,M. Guzmán
189614,T. Gornell
193665,B. Büchel
194679,M. Halstead
194929,F. Vasiev
203093,R. McBride
212319,Park Hee Seong
214015,J. Cardona
216016,E. Parnisari
219118,N. Rinaldi
232164,H. Robstad
232651,B. Montaño
234756,M. Katsvairo
183720,N. Featherstone
199259,Kim Da Sol
209579,K. Al Obud
211148,H. Al Jadani
211766,M. Ebersbach
219646,M. Al Anazi
220983,P. Karlsson
221305,C. Fernándes Mejía
223213,Maurinho
227531,M. Puch
231690,H. M'Laab
232702,A. Almada
232845,Y. Hayashi
233154,S. Takagi
234746,D. Iliev
235248,S. Juriša
4240,C. Healy
4257,M. Oakley
7932,J. Leiwakabessy
10451,C. Andersson
11800,C. Weale
19719,C. Disley
50385,R. Garcia
53504,D. Butterfield
53899,P. Rachubka
119689,J. Easter
138288,A. Davies
138429,G. McSheffrey
139471,M. Harrold
139865,Z. Małkowski
147244,I. Kaleshin
149619,F. Grandel
162275,P. Sasin
163794,F. Atik
164455,S. Rodevåg
165673,M. Szmatiuk
170523,M. Franco
172104,H. Ramírez
172249,A. Chambers
172400,H. Björnsson
172870,M. van Duin
173335,Y. Komano
173643,D. Parslow
176401,Kim Han Woon
177774,D. Jarecki
181023,B. Celeski
183313,L. Jarosiński
183784,M. Gajić
187184,Cho Yong Tae
187862,V. Rönneklev
187917,D. Johansson
187955,L. Haliti
189098,J. Compton
191374,S. Hirai
197416,Kim Keun Hoan
197814,Y. Haddou
206135,E. D'Angelo
209057,S. Al Yami
209283,A. Al Mubarak
210177,R. Al Moosa
213608,M. Murillo
214885,D. Pleva
217972,L. Maldonado
218989,F. Laens
220974,O. Martler
220979,T. Karlsson
222063,C. Carlsson
222128,A. Gazimagomedov
223281,F. Fabre
230242,Lúcio Calegario
230248,Antonaldo Vaz
230260,Guto Milazar
230265,João Barnierie
230313,Tony Abranjes
230370,Michael Dimeira
230373,Nicolás Filhei
230436,Nuno Lisareda
231522,A. Stadler
232735,S. Okada
234030,Teo Castrofeito
234466,F. Juárez
234498,C. González
235052,A. Gorbatyuk
236188,Emerson Caeiro
236262,C. Ortíz
232102,C. Masterson
235385,Javi Benítez
225462,R. Greenwood
228143,S. Kareem
233677,J. Blanchfield
221473,F. Arancibia
231695,Aritz Castro
233331,V. Pala
224834,T. Robson
226505,L. Campos
230858,S. Perisan
232394,M. Uyanık
233486,R. Le Normand
234160,J. Valdez
234271,D. Bianchi
203729,A. Koç
219925,D. McDaid
220972,J. Escamilla
221398,J. Araya
228706,J. Díaz
230966,A. Filin
232664,M. Leiva
233056,D. Cleary
235276,H. Tshimanga
224718,T. Antalyalı
225338,M. Do Couto Teixeira
227502,M. Balcılar
228844,B. Kurtuldu
229452,C. Lina
234313,O. Malolo
234888,R. de Jager
236463,M. Seydi
212002,H. Tabakovic
213545,J. Højbjerg
228027,Julen Hualde
228186,L. Fontanesi
229607,G. Mells
231462,T. Biancardini
234518,S. Diaz
236330,V. Cojocaru
214296,C. Contreras
215509,V. Zinkov
225272,Matías
225438,M. Castellano
225588,F. Lugo
227906,T. Chaouche
228115,J. González
228834,E. Wichne
230057,R. Sáez
231742,I. Günaslan
232060,B. Mensah
232548,F. Durán
233714,N. Servetto
233799,A. Dhondt
234088,R. Bourne
234519,J. Aros
235764,D. Shcherbak
236227,A. Lavenant
210426,C. Villanueva
212191,M. Ott
213852,L. Woodland
215816,D. O'Halloran
216867,B. Fewster
220557,N. Borgman
222867,C. Ross
225493,N. Maher
226683,P. Cuevas
227188,C. Koçur
227691,S. Sosa
227915,E. Bonacorso
229272,V. Manzon
232136,F. Mayembo
232362,R. de Vos
232603,K. Yoshino
233003,L. Piergiacomi
233028,S. Martinet
234478,J. Groenbast
236392,Chiki
236458,A. Poungouras
203967,L. Tassi
214844,J. Cisterna
218888,Y. Bobb
219798,B. Ünsal
222864,J. Rose
224825,R. Antwi
225301,Y. Çataloluk
225869,G. Gazzaniga
227754,Kim Seon Woo
227858,M. Gasperi
230795,H. Herrera
231426,M. Pavic
231705,J. Jiménez
232583,M. Yuzawa
232630,T. Uchida
233259,D. Pineda
233272,I. Sapała
233281,Jeong Dong Yun
233379,N. Castro
234977,D. Cardelli
235326,D. Stassar
235346,S. Amoros
236228,C. Castro
200385,L. Lucas
203223,J. Makarounas
208037,M. Harrer
210220,M. Cooper
213218,N. Radebe
216225,M. Klok
216362,M. Neill
223958,A. Yasar
232541,R. Izumi
232933,R. Matsumura
233463,S. Lie Skålevik
233547,T. Tasev
235082,I. Cernigoi
235220,Yeerjieti Yeerzati
236032,Gorka Alegría
236281,F. Negri
202198,J. Slew
202761,C. Kettings
206021,L. Crescenzi
210969,E. Kwakwa
211160,M. Awadh
214008,A. Al Arraf
221482,K. Hidalgo
223670,M. Egho
223696,M. Hamdaoui
224154,S. Altamira
226949,T. Walker
227726,I. Al Talhi
232020,C. Bonner
232028,T. Pitter
232345,J. Molina
233103,R. Kieboom
233511,V. Dorel
234461,I. Chaves
235116,C. Assia
235254,F. Nuñez
206515,A. Mancini
210123,P. González
210694,M. Escoe
213521,S. Raheriharimanana
223976,L. Zino
227438,L. Rexhepi
231727,T. Blättler
232930,M. Kamekawa
234516,J. Soto
235382,M. Acosta
235890,M. Saadane
191888,Hwang Jae Hun
205289,A. Yussuf
226875,B. Okwuonu
230729,M. de Kler
236254,J. Fernández
186411,J. Rocchi
188926,L. Tymiński
200955,A. Özer
202975,Cho Ji Hun
205867,M. Fletcher
216032,M. Briones
216500,J. Oshaniwa
220989,Z. Krizanović
236195,Vanderlei Dimao
212730,E. Welshman
213067,Kwon Yong Hyun
235832,D. Garro
186118,C. Magnay
189543,R. Yussuff
200868,B. McDonald
201591,N. Jakimovski
203209,Prada
209036,A. Al Sharif
210199,S. Al Sbeani
210921,H. Yahya
215995,E. Méndez
218728,Y. González
226258,A. Al Amer
229140,F. Templ
232343,J. Galeano
234402,S. Pearson
235451,M. Cano
19740,D. Delany
23467,J. McGuire
151101,F. Hansen
151516,J. Gowling
156149,S. Sorsa
158807,D. Arrieta
163147,R. Penn
165648,P. Pitry
167328,A. Keane
172205,N. Deverdics
172484,M. Toppel
172821,P. Bignot
176803,T. Joza
177512,J. Jennings
177961,D. Raffaello
188031,G. Masucci
188881,G. Lembet
191820,Song Je Heon
191892,Chun Tae Hyun
192173,D. Mehic
194409,M. Al Najei
194976,M. Quina
197421,N. Hanyu
202574,B. Williamson
202967,Kim Jong Gook
208075,Lee Jun Ho
209049,M. Al Anazi
209563,M. Sharifi
211472,D. Franco
213024,A. Krenshi
223459,V. Steklov
229688,J. Guerra
230180,Adrizinho Bastos
230246,Caio Chissano
230346,Jadsinho Mei
230364,Neviano Neves
230409,Túlio Nevinha
232833,Y. Morishima
232918,Y. Saneto
232935,S. Tsutsumi
233607,J. Dixon
233983,Nazario Chalves
234020,Wilson Sosán
234899,O. Franco
235196,D. Vukobratović
235245,C. Vaquero
235367,S. Pogorilyi
235628,F. Al Dhafeeri
236187,Helder Cuinha
233258,Y. Kakita
235928,A. Araujo
233249,G. Mazuela
233793,A. Lewis
235504,R. Romero
235668,C. Amatkarijo
229645,E. Bunjaki
229779,L. Edwards
236041,B. Hinchliffe
223253,E. Haugan
228304,K. McFarlane
230914,S. Delli Carri
232203,A. Donkor
234140,A. Tabacchi
235350,P. Báez
226755,A. Sané
229786,D. Kurasik
230134,Sergio Molina
230698,O. Ugwuadu
235211,S. Kitano
198351,I. Feruz
212821,D. Seys
214924,J. McGhee
216278,A. Ekin
220648,J. Cisterna
230883,J. Lee
232214,D. Lemos
234500,S. Riffo
236432,D. Sosa
213638,C. Hunte
215820,L. Donnelly
217792,F. Matri
224736,K. Eryüksel
225170,U. N'Nomo
225337,D. Sambissa
225559,E. Yılmaz
226498,J. Requejo
228938,O. Jones
229168,T. Guivarch
230828,O. Borg
232114,K. Cameron
232525,R. Ringoet
232985,T. Kunimoto
233703,Z. Grich
233792,J. Callebaut
235788,A. Mané
235888,I. Cardona
236363,B. Wolski
207803,J. Bojang
212909,M. Seaton
214288,H. Sanhueza
222508,P. Saliu
226533,P. Kasim
228370,Y. Hamzaoui
228986,S. Van Dooren
231364,J. Mexique
233710,L. Di Yorio
233726,K. Ceceri
234046,A. Sanogo
234802,D. Agote
235182,O. Torres
235666,N. Hoogveld
235989,N. Briasco
236276,A. Groeneveld
218646,M. Smith
223196,M. Iliman
223986,J. Ter Horst
224247,Dany Da Silva
224738,S. Eryüksel
225464,I. Sandoval
225956,B. David Akintola
226948,C. Preston
227594,J. Obrian
229976,C. López
230713,A. Al Malki
231076,T. Başkan
231739,L. Fernández
232530,N. Ciribe
234441,A. Bahçıvan
235221,Shi Tang
235506,J. Faúndez
236338,F. Gmeiner
210390,J. Dunn
211011,C. Dilo
213935,S. Bozhin
214693,A. Muñoz
216429,C. Adams
222782,M. Baghdadi
223907,P. Johansson
223941,D. Tutonda
224448,J. Hjelte
224491,C. Ortag
227655,M. Dugandžić
229002,R. Simons
229663,R. Ríos
229945,E. Navarrete
231175,L. Sixhaso
231189,R. Montiel
232652,R. Insúa
234138,B. Mazikou
234173,Q. Daubin
234247,O. Harfield
235149,J. Schouten
222589,A. Achinioti-Jönsson
223911,W. Atkinson
226862,R. Gyselinck
229689,N. Wolters
230041,Jaime Serrano
230054,O. Manjarres
230617,K. Akyüz
231702,S. Duque
232780,S. Paz
233387,Yun Tae Soo
234141,Alex Azevedo
234947,K. Demirtapa
235275,V. Gemega
236034,Aitor Chueca
222837,M. Zant
226588,B. Sezer
231143,L. Belić
232783,G. Ferrero
232858,H. Nozawa
235184,D. Ríos
235190,R. Salcedo
235261,L. Bogdan
235305,Gianni Cassaró
235737,M. Borodko
206537,J. Barthram
212926,Lee Joong Gwon
219130,D. Martínez
219800,A. Uysal
222068,B. Urueña
222758,Jeong Min Woo
224850,C. Escobedo
225528,N. Stankevich
230101,J. Contreras
232784,I. Arai
232959,H. Tameda
235181,M. Jaime
235779,J. Noy
236022,T. Spinelli
236305,V. Rabiega
205276,Lee Kwang Jin
216494,A. Falahen
220851,F. Leys
222403,D. Edvardsen
226855,D. Franco
229622,V. Koval
232503,E. Acosta
234475,M. Jespersen
198551,R. Sandnes
214747,D. Orellana
229402,D. Castillo
198132,D. Oberhauser
202660,R. Sjöstedt
204302,A. Buxton
213181,Jo Seong Joon
224043,S. Hazazi
234900,T. Peña
235219,D. Ijaha
236147,Lourival Rodeiro
187031,J. Hyde
188679,P. Murphy
226257,F. Al Sagri
198452,A. Rennie
199015,C. Kilduff
213172,Lee Eu Ddeum
235131,M. Spighi
11358,L. Mansell
28157,P. van der Vlag
155317,Kim Chul Ho
161913,D. Zjawiński
162982,M. Bates
165070,M. Bąk
169400,J. Kornetzky
169736,A. Hall
169952,A. Lawless
172246,Tiago
175724,M. Mutsch
182913,L. Liverani
191334,K. Sugiura
191411,M. Al Saeed
192874,A. Bartlett
193955,A. Şeker
194101,T. Audel
199230,Kim Min Sik
200975,B. Kaniecki
203003,Kim Dae Yeol
204079,A. Montella
208071,Park Se Jik
214860,P. Jerez
217652,K. Yamamoto
221307,J. Patiño
223591,S. Prusak
226397,F. Quiroga
227576,O. Balanta
230173,Nilson Alfarinho
230217,Mauri Borgho
230433,Calegarcinho
230451,Dinei Peixo
231666,D. Cano
232112,J. Skogmo
232237,R. Miljeteig
232835,Y. Nakamura
233991,Alvin Meldeiros
233992,Déner Santoso
234023,Éder Aldralho
236110,Ailton Gesser
235960,G. Güney
235810,M. Acatullo
226557,J. Lagües
235170,Álex Lázaro
235609,D. Cenaj
236042,E. Barkworth
225399,K. Spence
228609,A. Bentivegna
233517,A. Tataev
234450,Y. Kaplan
234555,A. Coker
236225,B. Yıldır
220663,M. Kallesøe
222422,A. Jakubiak
229346,J. Yates
231126,I. Viznovich
231588,Joan Sastre
232531,R. Garay
232542,D. Dufrenne
233686,N. Pájaro
234291,L. Väisänen
235231,R. Laspalles
229551,F. Astorga
232104,D. James
233496,J. Carabalí
234401,I. Hemans
234734,S. Ryckaert
235480,P. Kudryashov
235750,F. Di Nolfo
235990,Markel Areitio
216741,M. Yang
222822,S. Burgess
228603,S. Rodríguez
229397,M. Vargas
230597,M. Manríquez
231829,G. Crichlow
233725,T. Nijhuis
234863,D. De la Tejera
235749,I. Battista
236386,João Lima
213161,A. Morgunov
222869,C. Harris
229111,L. De Smul
231810,J. Didiba Moudoumbou
234501,D. Anyembe
235156,J. Dunne
235405,D. O'Shea
235527,E. Oti
235730,Rodrigo Alírio
213936,G. Citaku
222168,L. Salvesen
222496,M. Nikolić
224503,M. Flores
226018,K. Tshimanga
227085,J. Caicedo
229250,A. Prohouly
230635,D. Soto
235436,J. Jouvenaar
210550,L. Bardini
211505,A. Davey
224984,E. Gava
225442,F. Ilarregui
225789,N. Pozzebon
229576,O. Arroyo
229928,D. Parfitt-Williams
231689,G. Gaitán
232769,N. Femia
232777,G. Rossetti
232806,F. Sosa
233475,S. Contreras
235043,R. Leitch
235920,A. Karahan
236000,Duque
209466,D. Fitzpatrick
210119,Q. Roberts
223680,M. Schuster
225836,Andrés del Olmo
227756,Sim Gwang Wook
228575,V. Vinje
229508,S. Sprangler
230985,Serrano
231709,J. Mican
232355,David Ramírez
233867,K. Rüzgar
233964,M. Neves
234486,M. Nordam
201115,L. Bogusławski
202692,L. Allinson
205611,L. Wakefield
206566,M. Crocombe
220465,E. Ceria
225437,N. Canavessio
226607,S. Kuzmanovski
227518,M. Méndez
227876,L. Campana
228127,Park Seon Hong
231198,G. Asken
231995,R. Herman
232569,S. Masuda
232868,Y. Koizumi
233439,T. Fahrenholz
233469,Lee Hyeon Seong
235104,G. Leiva
235112,J. Al Zyadi
235120,D. Barrón
235473,C. López
235492,Y. Kuzmin
236040,Madrigal
236384,Diego Barrios
203133,M. McCallum
204429,L. Bacchetti
205139,P. Barrett
211530,L. Graham
211663,J. Blyth
212805,Z. Al Sudani
213958,H. Guzmán
221272,N. Zivotic
221955,J. Torres
222979,L. Smith
230570,A. Ikenna
230887,N. Massanka
231458,A. Williams
232061,N. Andersén
200885,A. Dere
204223,D. Atkinson
207513,G. Holohan
211478,A. George
211804,E. Bellander
213915,E. Espíndola
215924,A. Varga
221080,Pepelu
221670,H. Miličević
221778,R. Sandez
225698,O. Adeyemo
226169,I. Ayaz
229018,A. Brennan
229275,A. Tonti
231975,J. Bilyeu
232601,Kang Seong Jin
200263,D. Cawley
202772,D. Ledwith
204861,A. Rodgers
207972,B. Ubierna
216671,K. Diogo
221594,L. Malagón
225119,A. Al Oufi
225129,T. Gemici
228079,L. Mishu
228689,A. Al Saeed
234470,N. Dannevang
235415,Omar
235543,C. Rivas
183533,D. Lyness
198485,S. McEleney
203105,P. Roberts
214541,C. Alarcón
231831,A. Friel
197989,K. Mustafa
222704,Kim Hyuk Jin
231515,L. Silka
232958,S. Nakahara
234928,L. Sołowiej
235130,R. Viega
201864,S. Thomas
209581,M. Al Safri
213589,J. Muñoz
222732,Kim Chang Hun
226564,K. Gadzhalov
229022,J. Gormley
234880,M. Moreno
235251,N. Álvarez
184589,J. Franks
192325,M. Grasegger
202020,C. Arthur
208161,G. Shalaj
221786,Bae Seung Jin
235246,E. Buruchaga
149698,G. McGlynn
165460,A. McNally
167078,M. Hugosson
171503,Castells
173443,O. Pineda
183335,I. Necevski
188064,D. Piotrowski
191793,K. Nishimura
199950,D. Prendergast
205328,M. Kanté
208435,T. Nilsson
233972,Cristian Nevinha
236002,A. Al Nashi
236219,G. Makris
230771,L. Dunne
235014,J. Smith
234300,L. Lappalainen
235478,E. Golenkov
235935,L. Zanimacchia
226579,A. Zendejas
229929,V. Neufville
235461,V. Masalskiy
230803,M. Ávila
231753,J. Livolant
234431,B. Wynter
234903,G. Coucke
220458,J. Gemmer
229787,J. Orrell
230941,A. Müller
232802,J. Noce
233797,T. Dyson
230156,L. Deschateaux
230600,A. Araos
211371,C. Grainger
226427,D. Syme
228852,F. Michalsen
235747,M. Belvisi
236275,A. Yusupov
228282,B. Vatansever
229358,J. Holldack
230805,A. Boryachuk
231182,O. O'Dwyer
232194,S. Cordero
232720,R. Ishida
234292,L. Järvenpää
235122,D. Rodríguez
235285,L. Fisch
236293,A. Coscia
229674,B. Tollitt
233549,F. Bindelöv
234794,K. Marsh-Brown
210986,K. Wallace
229696,K. Kujawa
235023,T. Koyama
236339,Z. Sanogo
224303,A. Ryczkowski
225365,E. Sonupe
226657,V. Nilsson
227542,S. El Fitouri
228320,Jorge Rico
228567,M. Endlicher
229534,E. Sanhueza
230582,A. Breimyr
231301,E. Saavedra
231700,C. Blanco
232027,A. Morrell
232885,T. Sugimoto
234520,R. Cepeda
235123,A. Iniestra
235302,K. Brandstätter
235838,D. Iduitua
236255,João Basso
236291,R. van Iersel
212108,L. Petkovic
222227,P. Berg
223725,R. Durakovic
224830,D. Ferguson
225796,J. Mosquera
229463,R. Ferrara
230798,K. Oliveros
231649,J. Katebian
232210,K. Drzazga
233666,V. Schmidt
235048,S. Ito Mavitidi
235085,K. Magri
235498,H. Raghfawi
235870,S. Eralp
236435,F. González
210762,A. Hernández
211307,D. Yaschuk
212061,J. Hall
213906,T. Beere
217591,P. Żemło
220877,A. Menay
224236,O. Demirci
224403,G. Alanís
224716,V. Götesson
227278,G. Berggren
228572,A. Hauge
228847,C. Lindquist
229754,E. Łupiński
231505,M. Samuel
233919,Z. Morán Correa
235411,J. Lázaro
235529,N. Wouters
236351,R. González
221727,J. Rodriguez
222913,D. Sembie-Ferris
223139,A. Zedadka
226828,P. Benitez
227836,E. Lindell
229457,G. Judickas
232211,C. Trafford
232650,F. Redondo
232925,Y. Mishima
233308,S. Villarreal
234611,C. Fogacci
235021,L. Canotto
235232,D. Mokondelela
235449,D. Antwi
235455,Loren
236278,S. Llambay
236410,Vitor Hugo
203172,A. Lundin
209832,F. Sido
216651,A. Estrada
221578,Geum Gyo Jin
223800,J. Gagnon-Laparé
224393,B. Bawling
225241,J. Barria
226058,I. Knezevic
227853,Oh Yeong Jun
228083,R. Lovejoy
228959,F. Alarcón
229861,R. Liburd
232046,B. Polk
234540,S. San Román
234965,E. Carrillo
235776,D. Khurtsidze
225454,J. Méndez
225688,N. Haughton
226758,P. Kavita
206078,C. Hyland
210795,M. Al Burayh
213598,B. Reyes
214134,D. Jones
214680,G. Gallon
214704,C. Guerra
215263,G. Álvarez Suarez
225252,J. Duque
230008,K. Al Magraby
234219,A. Hollman
211259,A. Khormi
215122,B. Cubillos
232506,T. Masuda
235185,P. Stolc
212278,D. Furlong
230990,Geraldo Matsimbe
226639,D. Figueroa
229554,Y. Ricardo
232912,A. Kaneda
233010,D. Martínez
234459,R. Burgos
645,D. Andersson
138431,R. Brush
162134,S. Schumacher
163585,M. Quigley
170473,A. Nedrebø
172513,J. Berthelsen
199260,Kim Kyo Bin
200634,D. Kelly
201989,A. Nadj
209052,E. Al Dosari
211400,R. Imparato
211778,Kim Se Hun
225092,H. Al Abbas
226138,T. Markström
228949,R. Anto
230204,Héniton Pires
230322,Teixe Gaúcho
231029,I. Ivanov
232416,R. Noda
232844,T. Enomoto
232911,R. Kamiyama
232964,T. Nakahara
232971,D. Sakata
232984,Y. Tsuchiya
235914,D. Polverini
231272,E. Jones
235980,I. Morales
222601,E. Osam
231861,M. Stajduhar
232181,H. Adamczyk
221630,A. Sánchez
227219,E. Suliman
233559,M. Severini
234206,R. Morioka
232956,K. Anzai
234614,L. Lumeka
235030,Raúl Uche
221628,A. Dudley
231258,R. Macagno
235092,C. Paul
235453,A. Krasnov
235536,F. Venegas
230846,R. Charles-Cook
235271,A. Siemaszko
235809,T. Equizi
236306,C. Janssens
211602,C. Burns
225989,V. Mansaray
229418,L. Rooney
230913,M. Ierardi
231351,Y. Urra
232058,T. Bergqvist
233440,F. Antonini
233968,L. Sernicola
235528,D. Koks
218342,V. Gatica
220251,H. Binguila
228242,K. Shakhtiev
228422,Y. Mosquera
229050,O. Buur
229812,A. Ramadani
231217,A. Mbedule
231415,R. Cruz
231682,T. Heward-Belle
231889,D. Daly
232336,D. García
234962,A. Zuluaga
235577,P. Maneschijn
235578,T. Dekker
235768,F. Quiroz
236043,D. Batty
209260,J. Osvold
219303,A. Komor
225448,K. Lyons-Foster
225511,C. Trueman
228620,R. Paredes
229621,L. Sabah
229858,E. Miranda
229992,R. Adebayo
232246,P. Pyrdek
233548,J. Larsson
235142,A. Garnett
235286,D. Thur
235299,A. Franssen
235649,M. Salinas-Paulino
235748,M. Preti
215494,J. Daniels
220985,J. Brattberg
222934,J. Cowgill
228682,R. Rebolledo
230127,F. Venegas
232422,U. Idemokon
205605,L. Martin
207913,T. Wharton
210866,F. Pacini
224347,M. Kayaroglu
225004,D. Ruiz
225008,M. Marino
225136,T. Hadler
225166,X. Lenogue
227704,T. Dozi
228417,J. Zúñiga
228712,D. Ramírez
229437,A. Chaparro
229841,V. Gálvez
231537,J. Cobain
232899,N. Otani
233224,S. Jallow
235270,Pedro
235691,L. Jawo
236237,J. Bolado
236459,M. Wasielewski
227524,A. Pascucci
233093,S. Lebus
233412,B. Theral
233679,K. Yajima
235653,M. Al Shammari
236285,T. Baroni
209652,T. McNamee
213344,D. Barnes
215210,A. Mancini
219366,E. Okwi
225401,G. D'Attilio
226411,C. Paz
226413,A. Rojas
227319,R. Pavicevic
228217,C. Lyon
228360,A. Mujakic
230122,V. Shilnikov
231313,E. Molloy
232540,R. Takahashi
235483,O. Framelin
206144,C. Lyons
213481,S. Rebenko
214024,J. Wallens
228253,M. Jawhar
228297,M. Herrera
229225,S. Musiolik
235193,H. Al Sharif
235402,O. Mizrahi
209648,A. Mulligan
221918,I. Ayyildiz
225428,F. Gerli
228025,J. Mosquera
234964,Y. Ibargüen
194741,S. Last
210430,P. Wolański
223893,S. Umjenović
198467,J. Kavanagh
205816,W. Małecki
210355,T. Belford
211397,M. Al Taweel
223411,H. Al Shaikh
224583,L. Figueroa
234919,C. Valencia
235034,Tiago Jogo
235186,P. Wojowski
235452,M. Pavlov
181731,M. Perchtold
194363,N. Yamada
200140,J. Rowe
207713,A. Hanlon
213295,S. Al Khaybari
232423,A. Yada
234476,A. Albers
235336,T. Silvestri
235540,F. Al Harbi
209000,F. Al Munaif
222093,J. Rinke
232501,Wellington
194517,S. Maslov
225499,A. Al Ahsai
232989,T. Yoshino
235001,R. Sakai
137556,B. Kuru
155547,J. Jensen
161722,F. Russo
165307,K. McHugh
169913,A. Morgan-Smith
176633,L. Molyneux
176779,W. Puddy
187645,I. Komissarov
207770,D. Scully
208990,S. Sofyani
224066,M. McSweeney
230191,Enzo Marteiro
231249,G. Doyle
232361,J. Guzmán
232418,Y. Takeda
232690,T. Kobayashi
232773,S. Fukuda
232994,K. Morita
234485,B. Ralani
235613,R. Roy
227931,J. Storer
231101,M. Weymans
233008,L. Otchenashenko
225509,A. Collins
235109,D. Peralta
236299,N. Carmona
235263,E. Moore
235323,K. Popiela
236328,R. German
226470,A. Ayoub
228784,Q. Lajami
229925,E. Wekesser
234708,C. Rowan
226549,D. Salazar
227892,R. Criscuolo
228850,V. Van De Wiele
228851,I. Marković
229995,S. Solli
234878,Ramón García
235238,F. Smars
235991,N. Cordero
219899,S. Monni
222670,P. Albrecht
226449,S. Lidington
226462,N. Empen
226524,M. Johansson
228219,S. Anočič
229373,J. Walker
230677,F. Horsfall
234499,P. Sanchez
235620,S. Najah Chooly
226504,G. Timotheou
231238,B. Doucouré
231748,J. Cepeda
232169,L. Abdu
233130,D. Bravo
235129,A. Segbia
235287,J. Wolff
216562,C. Mabiala
220076,J. Williams
221416,D. Rittenberg
226561,J. McMillan
226738,G. Hunter
228667,E. Segberg
229289,Airton
229673,J. Peffer
230604,B. Jackson
231711,C. Pérez
233248,D. Lara
233778,A. Zaidi
234253,S. Podoksenov
235166,M. Jeahze
235576,G. Werkhoven
235784,K. Smith
236031,M. Traore
236250,E. Poulain
208355,J. Kavanagh
224482,J. Brinch
225651,C. Andrews
227902,J. Philpot
230129,D. Gutiérrez
231370,J. Palacio
233597,L. Iotti
236373,M. Konaté
210424,K. Kennedy
218593,S. Moore
221150,M. Molini
221404,J. Soto
225208,S. Best
226834,M. Ahmed
228272,S. Zinni
228940,K. Copp
229759,P. Rogala
231708,C. Mestre
231941,D. Szymonowicz
232140,C. Rubiano
233307,M. Sandoval
233660,M. Crocchianti
233741,W. Hanssen
235281,C. Aydogan
235786,N. Crofts
235792,N. Kovalev
236445,J. Kabongo
226714,J. Hylton
229827,J. Fassi
231374,E. Gutiérrez
231504,S. Lundbäck
233183,C. Missimo
234220,J. Santa
235069,N. Al Abdali
236469,A. Pino
222049,G. Oakley
222362,C. Ekstrand Hamrén
225546,C. Mannella
226872,A. Thoma
228141,C. Shires
235555,A. Zaila
208463,L. Hawkins
211233,J. Chalmers
221474,A. González
224190,J. Bransgrove
224497,D. Nicoletti
226275,M. Sieber
230562,A. Piacenti
231269,G. Delaney
232589,K. Kozuka
232794,T. Shimizu
233268,M. Pacifici
235077,B. Riascos
235084,P. Zivkov
235559,L. Alessandri
210708,A. Al Dheyabi
212908,R. Thomson
224239,F. Bojaj
226794,Z. Steinberger
231989,N. Brett
234052,D. Chernov
234415,D. Schmitt
235033,S. Chabbi
235459,H. Abu Shahin
235557,P. Defranchi
236224,O. Tamursoylu
226692,D. Jones
232705,T. Okamoto
234565,S. Sarsenov
227943,Kim Seong Hyeon
232914,T. Abe
234481,M. Gabel Jørgensen
235150,M. Bogado
235188,D. Mosiejko
216000,H. Bustamante
229193,D. Mitchell
232190,N. Hagelskjær
235547,N. Jahfali
188582,P. Rasmussen
229955,R. Majafa
171755,K. Cowan
182255,C. Ríos
199008,S. Harding
231338,A. Keenan
232689,K. Isozaki
232819,R. Okada
232961,K. Furube
232980,N. Shibamura
232992,K. Hosaka
235078,F. Hernández
234132,L. Willams
236356,F. Dani
234296,S. Ylätupa
235820,P. Gartler
235284,A. Vassallo
232474,T. Sasaki
233786,K. Falon
229182,R. Cundy
230815,O. Kakay
234850,L. Jankowski
235100,M. Kałahur
235310,D. Budzik
236416,P. Mucha
228783,A. Lajami
233094,Gustavo Santos
233689,J. Lindgren
235071,Óscar López
235906,M. Grødem
222776,T. Fry
232897,Y. Naganuma
233632,B. Torres
234671,J. Odgaard
235256,J. Florin Torp
235767,B. Antoniou
235979,A. Ramírez
236220,R. Giacobbe
222714,C. Lemonheigh-Evans
224792,P. Steiring
225056,J. Thurtell
225318,M. McMullin
226511,J. Whittaker
226901,R. Shahinas
227376,B. Reilly
228402,T. Campbell
229328,H. Kleppa
234629,K. Dirks Riis
235418,A. Dantas
227984,E. Myklebust
228858,D. Jajic
235045,A. Uniat
235372,C. Yebli
235524,M. Hischier
235895,L. Skrivanek
236256,R. Abarca
222365,B. Rosenberger
222654,J. Beesley
225874,R. Fluß
226418,D. Salina
228403,J. Hooper
228930,L. Wall
229121,T. Lyttle
231473,J. Léo
231631,M. Lagos
232139,E. Zetterberg
235886,A. Gürgen
236429,Y. Moreno
219645,K. Anderson
223804,C. Mitchell
225587,J. Håkansson
226900,R. Maciucca
228117,O. Jonsson
228846,H. Bredeli
229005,K. Pajnowski
229938,J. Mordec
230942,J. Pask
233773,B. Verebelyi
210242,D. O'Brien
224855,G. Byers
225578,C. Watson
225845,N. Araya
226455,D. Mackin
226816,J. Espung
228709,D. Mera
229113,S. Ngcobo
231302,C. Whittle
232172,G. Támara
232315,M. Mayambela
234895,R. Mansiamina
235765,N. Kuleski
226452,D. McNulty
229502,J. Rosenstingl
229814,M. Schöller
232593,M. Suzuki
232726,A. Niekawa
204801,P. Lacey
210621,M. Hiegl
222534,M. Yavuz
227577,O. Muldoon
229573,A. Skoglund
232039,W. Hamilton
232094,J. Niezgoda
232165,S. Music
234626,N. Rasmussen
235573,M. Godinho
221921,L. Gashi
222062,H. Svensson
222981,Z. Banton
224421,M. Reinthaler
232606,Y. Kawasaki
232947,K. Shimosaka
236212,A. Rosti
208416,S. Dunne
222762,P. Puel
225643,E. Elezaj
225861,M. Al Mutawa
232332,S. Ibeagha
234110,M. Al Otaibi
236433,D. Perales
205203,D. Smug
227165,A. Ucros
235645,M. Al Mubarak
203094,T. McMonagle
209578,I. Al Ibrahim
224028,K. Stępniowski
232147,P. Murphy
205260,J. Richards
232679,T. Okuda
235388,K. Fæste
234652,P. Brandl
139479,G. Ainsworth
208481,K. Singh
231311,P. Higgins
233604,C. Johnsgård
226492,J. Martin
232275,F. Puntoriere
236354,T. Mohamed
232538,K. Sugimori
235068,H. Gostomski
225745,M. Beauchamp
231271,C. Grogan
232778,M. Wada
236257,J. Castillo
232490,R. Ito
234828,E. Nissen
234209,T. Blake
234483,D. Sesay
229398,H. McKirdy
232086,S. Michalsen
232460,M. Tokida
233572,D. Udoh
233813,B. Rivas
227238,M. Dickenson
229627,A. Mohammad
230653,J. Wollacott
230736,E. Kitolano
230745,L. Sigurdsen
232157,S. Rinic
233009,M. Mokrzycki
234327,F. Bailey
236424,A. Moczadło
216732,R. Calder
220216,S. Heaney
225487,H. Kurucay
227742,A. Norris
228588,J. Charles
229086,J. Clackstone
232642,T. Olusanya
233005,S. Kucani
234523,B. Dudzinski
235468,N. Kiritsa
235845,A. Mora
213309,J. Charles
231202,J. Bolaños
231497,P. Olsen
232881,H. Ohashi
234358,J. Ceesay
235032,L. Mikkelsen
235218,M. Dinanga
235811,L. Morrison
235869,M. Enström
236211,G. Altea
236312,E. Barbato
213715,N. Baba
220099,A. Beith
226513,J. Henry
228134,P. McClean
229958,J. Blaise
230112,J. Alawode-Williams
233126,V. Walldén
233705,J. Lungi Sørensen
234700,H. Romaña
235081,A. Herrera
235373,J. Pagnini
235836,Y. Rafael
219923,D. Wilson
227887,D. Bjäresten
229399,H. Cowans
232633,M. Hayashi
235404,A. Prati
222427,T. Grupp
228300,D. Chávez
229512,H. Castillo
231200,S. Dryden
231510,M. Watson
231801,A. Al Hajji
232180,F. Ortega
233516,T. Olomowewe
234654,M. Martic
234866,V. Frank
223789,G. McDonagh
224183,M. Zając
225245,R. Coughlan
225429,M. Boscolo Zemelo
228859,I. Lidberg
231273,B. Manosalva
231883,A. Al Subaie
232628,N. Ogawa
234639,S. Solholm Johansen
235136,M. Mosböck
235309,F. Lovric
235720,A. Hazazi
211423,G. Sanseverino
228137,S. Gussman
230799,B. Chepulich
232572,R. Nishimura
233583,Won Dong Geun
235479,A. Al Riou
235487,M. Rayman
232587,G. Hayama
233286,Hwang In Gu
235160,H. Ghazwani
235646,B. Al Shammari
235797,C. Barragán
236350,I. Lara
231268,C. McCabe
232470,Y. Sashinami
234830,M. Kompalla
235894,D. Al Suwayt
221773,M. Al Qasem
232553,R. Matsuda
235877,A. Belahmeur
199518,A. Grillo
224001,F. Al Suwailem
231584,J. Mailey
204374,R. Curran
234998,L. Sosnowski
235541,B. Al Shahrani
235057,U. Al Hamdan
166051,M. Funston
232719,R. Niwa
233693,H. Shaiban
235393,S. Dempsey
234155,P. Olszewski
234227,L. Burt
235936,D. Faccioli
233025,A. Peña
234872,A. Robinson
235020,T. Hasegawa
236448,B. Morgado
233824,C. Oxlade-Chamberlain
234036,L. Lacunza
230647,J. McNulty
230787,J. Faye Lund
233221,S. Jiménez
233949,E. Métro
232808,T. Fujinuma
233801,Ayrton Ribeiro
225674,D. Fernández
228868,N. Nilovic
229546,S. Semedo
231534,C. Smith
231816,C. Trachsel
232084,E. Steen
234641,N. Walstad
235615,H. Rolke
236218,F. Strada
228311,G. Howard
229724,M. Lund
234673,A. Curovic
234932,J. Lea
235463,W. Jan
235823,G. Jaroch
213676,M. Beeney
223985,E. McCawl
224804,C. Barillari
226428,C. McLaren
227834,T. Diawara
230675,Neydson
231811,R. Mirval
232877,T. Hirato
235592,K. Ahlander
162247,E. Christensen
230131,J. Suárez
231218,M. Hart
234902,K. Duah
234931,J. Ezewele
234958,W. Pérez
213407,M. Macey
225052,D. Smith
229725,M. Kristensen
231657,H. Voss
233423,J. Bentley
235031,V. Anker
235099,E. Ramírez
235294,A. Lohikangas
235715,H. Paton
236470,C. Sepúlveda
229939,G. Gulczyński
231233,M. Brink
233893,C. Leitgeb
235718,M. Al Mousawi
213505,M. Chindea
221163,T. Hagelskjaer
226641,J. Breslin
228843,M. Rokkedal
229836,Y. Muñoz
233501,M. Cárdenas
233515,F. Yao
234356,A. Bjelkendal Haaranen
235539,A. Al Ghamdi
226450,M. Awaji
232334,A. Saeed
233522,R. Falk Larsen
233526,S. Passi
234508,K. Singh
235475,S. Belometti
228213,S. Bebensee
228991,J. Caffrey
232732,S. Hira
233800,F. Bjørkan
234364,K. Apeland
221264,R. Al Ghamdi
225623,M. Makasi
226946,I. Ayala
232141,L. Andersson
235964,D. Al Sahali
236039,D. Kayode
194658,A. Stolyarenko
208932,A. Al Shammari
220039,D. Charles
227441,P. Finnegan
204508,P. Hawlik
213932,A. Ozcan
226297,Z. Al Mutairi
236423,S. Reyes
223999,M. Al Mutairi
224381,G. Ruggiero
232813,T. Takahashi
235262,S. Shaban
232716,T. Sakai
148674,J. Kolstad
178696,I. Pedrelli
232071,J. Angulo
232563,T. Kurokawa
230730,C. Carroll
234477,A. Dobbs
235339,J. Castanheira
235616,P. Aukland
235954,C. Quigley
235612,R. Skjelde
230836,E. Dahl Reitan
233621,A. Ziarat Zadeh
230567,S. McLean
232809,K. Nakashima
235217,C. Gatter
235861,L. Gratzer
222882,C. Smith
230889,C. Hill
231746,K. Vásquez
232446,K. Kairinen
232468,S. Quiñones
234647,F. Gschossmann
236371,Marc Vito
216733,J. Webb
229434,A. Jonuzi Møller
232178,M. Tegebäck
235331,C. Concas
236290,L. Diallo
236376,D. Parkin
225781,R. Smith
232427,R. Aoki
233311,T. Aghayere
235392,J. Hunt
235837,V. Frodig
236233,B. Clarke
221810,R. Keating
228361,D. Gallagher
231399,A. Pawiak
231476,E. Al Joufi
232518,M. Matic
235763,A. Page
220853,J. Curran
222823,M. Poscha
229684,L. Maloney
231517,S. Dimitrijevic
231827,N. Ferguson
233273,A. Lewis
230796,J. Stewart
231425,B. Tuxford
232010,A. Eyigun
234095,Y. Dieudonne
234390,M. Aanesland
235586,J. Escalante
236451,J. Mena
222710,R. Sinnamon
225276,C. Buckley
228478,L. Spinella
231375,N. Borodine
235444,G. Candia
235624,Y. Aguila
222935,K. Deacon
224948,C. Bullock
210750,M. Al Burayh
220033,A. Al Sultan
224392,T. McCready
232725,K. Nakami
232616,K. Okazaki
8831,L. Baxter
11824,A. Warrington
167067,A. Shanahan
233788,J. Blackford
235806,G. Satalino
233229,C. McLaughlin
229177,C. Mørch
232807,K. Kawata
235101,T. Makowski
235614,M. Olsen
233823,C. Davies
233835,P. Szysz
234373,G. Rutikanga
230741,E. Ødegaard
231377,D. Torres
231481,T. Vassell
233842,S. Osorio
234270,S. Tascone
235406,J. Keranovic
235976,B. Mendoza
225962,M. Palacios
228105,A. Reilly
231229,C. Smith
234676,K. Butterfield
222936,N. Burdett
231925,D. McGlade
234526,B. Pollock
234675,R. Oliver
235074,S. Kjellevold
235804,B. Lund
224082,D. Gregory
231477,N. Laursen
224502,B. Whitehouse
228177,A. Frank
236284,R. Overgaard
217715,D. Oduro
231176,B. Bermúdez
209262,J. Faye-Lund
231312,C. English
235566,A. O'Connor
222682,C. Riley-Lowe
235019,A. Ozawa
213682,R. McConnell
231987,T. Washington
232789,T. Nakagawa
232927,K. Matsuzawa
232948,C. Nugent
226821,C. Brandt
232539,K. Ogi
234228,R. McCrorie
236361,D. Moore
231646,P. Żyra
232938,T. Tomiyasu
234969,P. Valoyes
235327,J. Pugh
231325,G. Patella
235773,L. Wildin
230734,G. Doré
235571,N. Webb
232149,M. Connor
227440,O. Connolly
232738,T. Carey
213279,A. Kehoe
231368,N. Kerr
225427,S. Arango
232795,M. Kojima
225639,L. Ranelli
234285,J. Lymn
206473,C. O'Keeffe
219676,R. Lane
227901,K. Farrell
227933,C. King
220306,A. Ceesay
225772,K. Green
235727,P. McCann
53748,K. Pilkington
234229,R. McCrorie
235144,G. Jeacock
232588,K. Miyazaki
235795,K. Boateng
234144,O. Kanouté
230609,S. Fogarty
225938,K. Gourlay
231369,M. Smyth
234034,B. Jones
227629,O. Finney
229560,C. Chambers
232242,A. Pollock
232812,J. Taguchi
234357,C. Cañizales
225762,K. Kisimba
233111,P. Brennan
233690,J. Evans
229961,C. Kitscha
222370,S. Verdon
236309,C. Sutton
229885,F. Ehmann
230721,S. Hanney
225571,J. King
225006,G. Armstrong
231004,C. Donnellan
233565,J. Koroma
232940,R. Maeda
224125,S. Dunlop
235567,G. Dowling
233818,R. Wilson
231026,M. Judd
230595,L. Angel
230565,J. Richards
231611,K. Omolokun
229853,L. Bamford
211168,P. White
234738,D. Doherty
228582,S. Sargeant
234069,A. Atkinson
234353,J. Venney
227986,T. Ouldridge
212270,M. Foden
223621,D. Mahon
